signal_id,ehtimollik
SG_000001,0.3928729541185941
SG_000007,0.5077575798229139
SG_000009,0.28257646900992756
SG_000010,0.48964649852428227
SG_000011,0.5270458814059565
SG_000018,0.7488764421786962
SG_000024,0.818905956533405
SG_000026,0.4814361416689026
SG_000032,0.52408773812718
SG_000033,0.8853132546283876
SG_000034,0.16035685537966193
SG_000036,0.45285081835256236
SG_000039,0.16817480547357125
SG_000048,0.30240810303192917
SG_000049,0.5176583042661659
SG_000050,0.800402468473303
SG_000053,0.10952508720150254
SG_000054,0.5649584115910921
SG_000055,0.6301583042661659
SG_000058,0.6693687952777033
SG_000059,0.2973068151328146
SG_000061,0.4569258116447545
SG_000062,0.8966326804400324
SG_000072,0.16129259458009124
SG_000073,0.5152434934263482
SG_000075,0.44663268044003224
SG_000080,0.7572377247115644
SG_000081,0.39468406224845726
SG_000083,0.12413469278239872
SG_000086,0.17584182988999197
SG_000087,0.5572310169036759
SG_000092,0.7254527770324658
SG_000099,0.645643278776496
SG_000100,0.32100214649852427
SG_000105,0.35622819962436275
SG_000106,0.7086698416957339
SG_000107,0.05
SG_000118,0.5882009659243359
SG_000120,0.2653105715052321
SG_000125,0.5872350415884089
SG_000129,0.30926012878991144
SG_000137,0.3196438154011269
SG_000146,0.16754091762811912
SG_000147,0.9282968875771398
SG_000149,0.5638717467131742
SG_000153,0.7583243895894822
SG_000161,0.1592098202307486
SG_000163,0.4505567480547357
SG_000165,0.8502683123155353
SG_000173,0.18519922189428495
SG_000178,0.3854474107861551
SG_000179,0.15604038100348808
SG_000187,0.9476153742956802
SG_000192,0.18909310437349075
SG_000193,0.441923799302388
SG_000195,0.6514991950630534
SG_000196,0.6858498792594581
SG_000201,0.19253420982023078
SG_000203,0.2620505768714784
SG_000205,0.8858867722028442
SG_000207,0.7987422860209284
SG_000211,0.49670982023074867
SG_000214,0.12368191574993292
SG_000217,0.09065937751542796
SG_000218,0.9411859404346661
SG_000219,0.7582942044539845
SG_000227,0.316081969412396
SG_000229,0.19467735444056883
SG_000232,0.7857928628924068
SG_000240,0.0646699758518916
SG_000242,0.9320700295143548
SG_000244,0.24674671317413466
SG_000246,0.5017507378588677
SG_000250,0.2790749932921921
SG_000253,0.6806580359538504
SG_000262,0.49335927019050174
SG_000269,0.8280520525892139
SG_000270,0.33902267239066275
SG_000271,0.9034847061980146
SG_000284,0.8454386906359002
SG_000286,0.592940032197478
SG_000287,0.24786356318755032
SG_000290,0.8465555406493159
SG_000291,0.4713241212771666
SG_000301,0.3972497987657634
SG_000302,0.8304970485645291
SG_000304,0.1415515159645828
SG_000306,0.6938489401663537
SG_000309,0.325439361416689
SG_000314,0.452247115642608
SG_000319,0.8395827743493428
SG_000320,0.36332170646632683
SG_000321,0.4482023074859136
SG_000325,0.7879360075127448
SG_000328,0.2192480547357124
SG_000329,0.0787060638583311
SG_000333,0.4783572578481352
SG_000334,0.422997719345318
SG_000335,0.7374966460960558
SG_000339,0.16938221089348005
SG_000341,0.248437080762007
SG_000345,0.8439898041320097
SG_000347,0.2524517037832037
SG_000349,0.5586799034075666
SG_000350,0.5854843037295413
SG_000351,0.05329017976925141
SG_000357,0.21212436275825064
SG_000360,0.7461295948484036
SG_000366,0.7840723101690369
SG_000368,0.5945096592433594
SG_000370,0.32220955191843303
SG_000378,0.5479339951703783
SG_000386,0.4120405151596459
SG_000394,0.5252347732760935
SG_000395,0.2338274751811108
SG_000397,0.869345317950094
SG_000398,0.3138482693855648
SG_000401,0.5677354440568824
SG_000402,0.38354574724979873
SG_000414,0.9036960021464986
SG_000415,0.7142239066273143
SG_000419,0.9009491548162061
SG_000420,0.5235745908237188
SG_000422,0.8703414274215187
SG_000425,0.7784880601019588
SG_000430,0.08652401395224041
SG_000431,0.14795076469009927
SG_000435,0.10535953850281729
SG_000436,0.589921518647706
SG_000440,0.8530755299168233
SG_000444,0.13165079152133086
SG_000450,0.426650120740542
SG_000452,0.26467668365978003
SG_000454,0.7435638583310975
SG_000460,0.29419774617654953
SG_000462,0.24164542527502014
SG_000471,0.6504427153206334
SG_000474,0.9024584115910921
SG_000475,0.6665313925409176
SG_000476,0.6850046954655219
SG_000480,0.7471257043198284
SG_000482,0.8413636973437081
SG_000484,0.8339381540112691
SG_000487,0.48152669707539575
SG_000488,0.5820431982828013
SG_000494,0.8004628387442985
SG_000496,0.5179601556211431
SG_000497,0.08145291118862356
SG_000498,0.25465521867453716
SG_000501,0.8230413200965925
SG_000506,0.8503286825865308
SG_000511,0.4586161792326268
SG_000513,0.4186208746981486
SG_000524,0.15806278508183524
SG_000526,0.7949389589482159
SG_000527,0.16745036222162596
SG_000530,0.4338039978535015
SG_000535,0.4749463375368929
SG_000536,0.22932988999195064
SG_000551,0.6810504427153207
SG_000561,0.8731486450228066
SG_000563,0.9180339415079152
SG_000567,0.7764354708881138
SG_000572,0.7334216528038637
SG_000580,0.7255735175744568
SG_000583,0.46752079420445397
SG_000585,0.8713073517574458
SG_000588,0.35517171988194257
SG_000591,0.795240810303193
SG_000593,0.25402133082908507
SG_000594,0.7609504963777839
SG_000598,0.24478467936678294
SG_000603,0.7987422860209284
SG_000610,0.196277166621948
SG_000614,0.5449456667561041
SG_000615,0.4344680708344513
SG_000616,0.05510128789911457
SG_000617,0.11933525623826134
SG_000619,0.4087805205258921
SG_000621,0.7901697075395762
SG_000629,0.8524718272068689
SG_000633,0.4749463375368929
SG_000634,0.7521968070834453
SG_000638,0.31870807620069763
SG_000640,0.29462033807351756
SG_000643,0.8375603702709955
SG_000646,0.7459484840354172
SG_000648,0.09237993023879797
SG_000657,0.18921384491548165
SG_000662,0.44171250335390394
SG_000665,0.1908438422323585
SG_000666,0.685970619801449
SG_000672,0.1453548430372954
SG_000674,0.28957942044539847
SG_000677,0.1838408907968876
SG_000678,0.8370774081030321
SG_000679,0.4249899382881674
SG_000691,0.6554534478132547
SG_000692,0.1021297290045613
SG_000693,0.900526562919238
SG_000695,0.8036020928360612
SG_000696,0.15739871210088544
SG_000698,0.14662261872819965
SG_000706,0.25447410786155084
SG_000709,0.42713308290850555
SG_000713,0.25870002683123156
SG_000716,0.43585658706734637
SG_000717,0.22293064126643414
SG_000719,0.6100248188891871
SG_000722,0.7993459887308829
SG_000727,0.3654950362221626
SG_000734,0.21900657365173065
SG_000737,0.2884022001609874
SG_000739,0.22437952777032466
SG_000742,0.7763751006171185
SG_000743,0.6286792326267776
SG_000750,0.2710155621143011
SG_000751,0.6541554869868528
SG_000759,0.8298027904480817
SG_000762,0.5133116447544943
SG_000764,0.4519150791521331
SG_000768,0.17626442178696006
SG_000769,0.5083009122618729
SG_000770,0.55228065468205
SG_000788,0.8841058492084788
SG_000790,0.14592836061175207
SG_000797,0.47727059297021734
SG_000798,0.18420311242286025
SG_000799,0.4057318218406225
SG_000802,0.7639086396565603
SG_000803,0.9209015293801985
SG_000809,0.8690132814596192
SG_000811,0.910548027904481
SG_000812,0.6958109739737055
SG_000816,0.7195063053394152
SG_000817,0.3453615508451838
SG_000820,0.1423665146230212
SG_000821,0.10708009122618728
SG_000826,0.41527032465790176
SG_000840,0.6241816474376175
SG_000849,0.603263348537698
SG_000851,0.3345552723370003
SG_000856,0.35447746176549505
SG_000857,0.8989569358733567
SG_000864,0.08670512476522672
SG_000865,0.08598068151328146
SG_000875,0.4965890796887577
SG_000883,0.39734035417225655
SG_000888,0.6877515427958144
SG_000889,0.5527032465790181
SG_000890,0.6988898577944728
SG_000891,0.2559229943654414
SG_000903,0.3570733834182989
SG_000907,0.7700965924335927
SG_000909,0.13732559699490207
SG_000910,0.5669808156694393
SG_000911,0.9340320633217065
SG_000912,0.3018949557284679
SG_000913,0.6489938288167427
SG_000917,0.8466762811913069
SG_000920,0.5135229407029783
SG_000928,0.09192715320633219
SG_000934,0.11945599678025222
SG_000935,0.7559397638851624
SG_000938,0.5666185940434667
SG_000940,0.12307821303997854
SG_000943,0.4562617386638047
SG_000945,0.37865575529916823
SG_000946,0.5771833914676685
SG_000948,0.31454252750201234
SG_000950,0.6501710491011538
SG_000954,0.773296216796351
SG_000959,0.6148242554333245
SG_000963,0.8276294606922457
SG_000965,0.3440937751542796
SG_000968,0.8208076200697613
SG_000970,0.7441071907700564
SG_000973,0.14819224577408105
SG_000975,0.346418030587604
SG_000977,0.08380735175744566
SG_000980,0.8538301583042662
SG_000981,0.4431312047222968
SG_000985,0.4618459887308828
SG_000987,0.9269083713442448
SG_000988,0.5245707002951436
SG_000990,0.7476690367587874
SG_000991,0.8100315266970756
SG_001002,0.6934565334048833
SG_001004,0.8931915749932923
SG_001009,0.26775556748054735
SG_001010,0.08812382613361955
SG_001014,0.5534880601019587
SG_001023,0.8502984974510331
SG_001027,0.08033606117520795
SG_001028,0.9410953850281728
SG_001030,0.5218540381003489
SG_001031,0.3265260262946069
SG_001032,0.4912161255701637
SG_001042,0.38058760397102226
SG_001048,0.2893379393614167
SG_001049,0.12165951167158573
SG_001052,0.2691138985779447
SG_001058,0.31424067614703516
SG_001060,0.5546049101153744
SG_001066,0.9307418835524552
SG_001067,0.23035618459887308
SG_001070,0.4913670512476523
SG_001071,0.3871075932385296
SG_001075,0.05818017171988195
SG_001076,0.8647269922189429
SG_001078,0.1010128789911457
SG_001081,0.44995304534478137
SG_001085,0.67166286557553
SG_001086,0.223051381808425
SG_001100,0.3339817547625436
SG_001101,0.08226790984706198
SG_001102,0.5884424470083178
SG_001106,0.38689629729004554
SG_001107,0.05410517842768983
SG_001108,0.471173195599678
SG_001109,0.3219680708344513
SG_001111,0.8084317145156963
SG_001117,0.9052354440568823
SG_001121,0.6926717198819426
SG_001123,0.6303394150791521
SG_001125,0.596592433592702
SG_001126,0.9235276361685003
SG_001128,0.3510967265897505
SG_001133,0.10418231821840623
SG_001135,0.8462235041588411
SG_001143,0.9456533404883285
SG_001153,0.113026562919238
SG_001155,0.8263616850013417
SG_001157,0.41059162865575527
SG_001159,0.5154246042393347
SG_001161,0.8160081835256239
SG_001163,0.6667728736248995
SG_001167,0.9239200429299705
SG_001180,0.15308223772471158
SG_001181,0.8558827475181112
SG_001182,0.7533136570968608
SG_001184,0.6581399248725517
SG_001188,0.14079688757713982
SG_001190,0.8553696002146499
SG_001192,0.5933022538234507
SG_001196,0.8710356855379663
SG_001201,0.6210725784813523
SG_001202,0.1261269117252482
SG_001203,0.6047122350415884
SG_001205,0.1370539307754226
SG_001208,0.7947578481352295
SG_001210,0.8301348269385566
SG_001211,0.5164810839817549
SG_001213,0.6218875771397908
SG_001215,0.8752012342366516
SG_001217,0.602931312047223
SG_001225,0.6575362221625973
SG_001226,0.8569694123960291
SG_001229,0.8661456935873358
SG_001230,0.2884022001609874
SG_001236,0.4321438154011269
SG_001237,0.3014119935605044
SG_001243,0.5420780788838208
SG_001245,0.5738630265629193
SG_001248,0.2686913066809767
SG_001252,0.1191239602897773
SG_001255,0.9063221089348003
SG_001257,0.8490609068956265
SG_001262,0.4660417225650657
SG_001264,0.2936544137375906
SG_001267,0.13041320096592435
SG_001279,0.06246646096055809
SG_001285,0.26570297826670247
SG_001287,0.3391434129326536
SG_001293,0.7723302924604241
SG_001296,0.7243661121545479
SG_001298,0.1924738395492353
SG_001303,0.18441440837134426
SG_001305,0.35106654145425276
SG_001306,0.8221357660316609
SG_001309,0.3871679635095251
SG_001312,0.22124027367856186
SG_001313,0.8736014220552724
SG_001314,0.2865910920311242
SG_001316,0.37778038636973443
SG_001318,0.11338878454521063
SG_001319,0.8846793667829355
SG_001321,0.7596525355513819
SG_001322,0.33509860477595926
SG_001327,0.3053662463107057
SG_001331,0.2793466595116716
SG_001335,0.3160215991414006
SG_001336,0.69747115642608
SG_001349,0.5845787496646097
SG_001350,0.3890998121813792
SG_001352,0.5007848135229408
SG_001354,0.2724644486181916
SG_001361,0.21770861282532872
SG_001362,0.5643848940166354
SG_001364,0.2909679366782935
SG_001374,0.807284679366783
SG_001389,0.21888583310973975
SG_001390,0.11027971558894553
SG_001395,0.9203581969412398
SG_001397,0.24747115642607997
SG_001401,0.3145123423665146
SG_001402,0.29477126375100615
SG_001405,0.11172860209283607
SG_001412,0.9085859940971291
SG_001415,0.3825798229138717
SG_001419,0.16253018513549772
SG_001421,0.5340186477059298
SG_001423,0.2932620069761202
SG_001432,0.3199456667561041
SG_001433,0.09141400590287094
SG_001441,0.5928796619264826
SG_001446,0.5560537966192649
SG_001447,0.3676985511134961
SG_001448,0.0894821572310169
SG_001453,0.11969747786423397
SG_001458,0.333076200697612
SG_001465,0.6480279044808157
SG_001469,0.5183525623826133
SG_001470,0.5763985779447277
SG_001472,0.7122015025489671
SG_001476,0.674470083176818
SG_001478,0.7187516769519722
SG_001480,0.8627045881405957
SG_001484,0.07203514891333512
SG_001487,0.8519284947679099
SG_001493,0.8026059833646366
SG_001494,0.6585625167695197
SG_001500,0.6136772202844112
SG_001505,0.3880735175744567
SG_001506,0.7499027367856185
SG_001510,0.17487590555406493
SG_001514,0.5653508183525624
SG_001520,0.6559967802522135
SG_001525,0.8993493426348271
SG_001527,0.34364099812181376
SG_001528,0.3732828011805742
SG_001529,0.11891266434129327
SG_001531,0.683163402200161
SG_001541,0.8884525087201504
SG_001542,0.751351623289509
SG_001543,0.9177622752884358
SG_001545,0.3263449154816206
SG_001549,0.3763013147303461
SG_001557,0.599158170110008
SG_001558,0.8223772471156428
SG_001561,0.22344378856989539
SG_001562,0.1069593506841964
SG_001563,0.4460289777300778
SG_001567,0.3441239602897773
SG_001568,0.3726489133351221
SG_001569,0.515062382613362
SG_001570,0.5642339683391467
SG_001571,0.7099979876576336
SG_001572,0.514730346122887
SG_001573,0.16135296485108666
SG_001576,0.48354910115374294
SG_001584,0.15284075664072982
SG_001590,0.6753152669707541
SG_001591,0.6915246847330293
SG_001592,0.13868392809229946
SG_001595,0.4487758250603703
SG_001601,0.8753823450496379
SG_001604,0.547752884357392
SG_001609,0.692641534746445
SG_001610,0.6475147571773545
SG_001612,0.22480211966729274
SG_001613,0.9285383686611217
SG_001615,0.38200630533941515
SG_001623,0.6408438422323586
SG_001624,0.1453548430372954
SG_001631,0.25299503622216263
SG_001634,0.7961161792326269
SG_001636,0.8824456667561043
SG_001638,0.8036926482425545
SG_001647,0.5061879527770324
SG_001650,0.6781828548430373
SG_001653,0.6849141400590288
SG_001654,0.9053259994633754
SG_001658,0.639183659779984
SG_001663,0.6665615776764154
SG_001667,0.4272236383149987
SG_001668,0.29878588677220286
SG_001670,0.05289777300778106
SG_001683,0.2643446471693051
SG_001686,0.6186275825060371
SG_001688,0.680808961631339
SG_001689,0.3834250067078079
SG_001698,0.9183659779983903
SG_001704,0.5783907968875772
SG_001711,0.6802052589213846
SG_001719,0.1000771397907164
SG_001720,0.16237925945800913
SG_001723,0.5182318218406226
SG_001726,0.671542125033539
SG_001728,0.3158103031929166
SG_001731,0.2546854038100349
SG_001733,0.8149818889187015
SG_001734,0.14164207137107596
SG_001735,0.6279246042393346
SG_001737,0.932371880869332
SG_001738,0.799859136034344
SG_001739,0.4517943386101422
SG_001740,0.357163938824792
SG_001744,0.5746780252213578
SG_001745,0.7294070297826671
SG_001750,0.5479943654413738
SG_001751,0.29099812181379126
SG_001761,0.8579957070029516
SG_001767,0.1309263482693856
SG_001768,0.9131741346927824
SG_001769,0.27937684464716933
SG_001776,0.7965689562650927
SG_001786,0.2517272605312584
SG_001788,0.24010598336463645
SG_001789,0.7646330829085056
SG_001790,0.18613496109471422
SG_001791,0.4775724443251945
SG_001792,0.27741481083981756
SG_001793,0.37201502548966997
SG_001796,0.32091159109203116
SG_001797,0.3686041051784277
SG_001803,0.6449188355245506
SG_001804,0.196488462570432
SG_001806,0.4802891065199893
SG_001811,0.39782331634022
SG_001815,0.8665381003488061
SG_001819,0.4500134156157768
SG_001824,0.22172323584652537
SG_001825,0.6440132814596191
SG_001827,0.41270458814059563
SG_001830,0.7942145156962706
SG_001831,0.0779212503353904
SG_001833,0.8534075664072981
SG_001836,0.3606654145425275
SG_001844,0.7425073785886772
SG_001846,0.16929165548698688
SG_001847,0.8199624362758252
SG_001848,0.8280218674537162
SG_001849,0.9325529916823183
SG_001851,0.12271599141400591
SG_001858,0.4856016903675878
SG_001860,0.26811778910652
SG_001862,0.7021196672927288
SG_001864,0.2631070566138986
SG_001865,0.7751676951972096
SG_001867,0.9063522940702979
SG_001872,0.13334115910920313
SG_001876,0.26208076200697616
SG_001877,0.755668097665683
SG_001883,0.3922994365441374
SG_001884,0.291450898846257
SG_001885,0.42013013147303463
SG_001886,0.8643345854574725
SG_001888,0.146260397102227
SG_001890,0.47624429836329485
SG_001892,0.523876442178696
SG_001893,0.8787328950898847
SG_001894,0.7131674268848941
SG_001895,0.9298363294875236
SG_001897,0.3616917091494499
SG_001901,0.20355178427689835
SG_001903,0.5594647169305071
SG_001904,0.20560437349074323
SG_001906,0.3428259994633754
SG_001909,0.4184397638851623
SG_001912,0.302860880064395
SG_001914,0.10623490743225115
SG_001915,0.3342534209820231
SG_001919,0.6800241481083982
SG_001924,0.46936208746981484
SG_001925,0.08718808693319025
SG_001928,0.5833411591092031
SG_001930,0.41240273678561845
SG_001932,0.3738563187550309
SG_001933,0.20297826670244168
SG_001934,0.12096525355513818
SG_001936,0.17557016367051248
SG_001947,0.171857392004293
SG_001953,0.8867017708612827
SG_001954,0.252844110544674
SG_001955,0.820837805205259
SG_001963,0.42351086664877924
SG_001971,0.9129930238797962
SG_001975,0.24674671317413466
SG_001976,0.4848470619801449
SG_001977,0.6891098738932119
SG_001980,0.1740307217601288
SG_001981,0.09292326267775691
SG_001982,0.8623725516501209
SG_001990,0.3673665146230212
SG_001999,0.25619466058492085
SG_002000,0.6888382076737324
SG_002002,0.9077106251676953
SG_002004,0.48264354708881135
SG_002008,0.8479742420177087
SG_002009,0.30871679635095256
SG_002016,0.7310973973705394
SG_002021,0.44587805205258924
SG_002024,0.423963643681245
SG_002027,0.7878152669707541
SG_002037,0.6616112154547895
SG_002038,0.4472363831499866
SG_002039,0.5915817011000806
SG_002044,0.7692815937751545
SG_002045,0.14040448081566945
SG_002048,0.09533807351757445
SG_002050,0.8111785618459887
SG_002052,0.38547759592165287
SG_002063,0.49803796619264823
SG_002067,0.8288368661121546
SG_002068,0.5519788033270728
SG_002069,0.1506372417493963
SG_002074,0.13862355782130403
SG_002075,0.4089314462033807
SG_002078,0.6911926482425543
SG_002081,0.248437080762007
SG_002090,0.6936980144888651
SG_002097,0.5609739737053931
SG_002103,0.23364636436812447
SG_002105,0.8747484572041858
SG_002110,0.14426817815937754
SG_002122,0.5272571773544406
SG_002123,0.6364669975851892
SG_002125,0.8308290850550042
SG_002129,0.8828380735175746
SG_002131,0.7317011000804938
SG_002137,0.6710893480010732
SG_002142,0.6771867453716127
SG_002150,0.4500436007512745
SG_002151,0.7005802253823451
SG_002152,0.5624530453447815
SG_002166,0.2522404078347196
SG_002171,0.6755869331902334
SG_002172,0.5261705124765227
SG_002176,0.24556949288972363
SG_002177,0.5263818084250067
SG_002181,0.8111785618459887
SG_002184,0.5412027099543869
SG_002185,0.930651328145962
SG_002186,0.10188824792057957
SG_002191,0.38354574724979873
SG_002192,0.64069291655487
SG_002194,0.5218842232358465
SG_002200,0.5914307754225919
SG_002209,0.7369834987925946
SG_002213,0.30675476254360073
SG_002220,0.5683089616313389
SG_002223,0.4354943654413737
SG_002227,0.14961094714247386
SG_002228,0.35363227797155894
SG_002233,0.5671619264824256
SG_002241,0.7678327072712638
SG_002248,0.7428997853501477
SG_002251,0.8761973437080762
SG_002252,0.417504024684733
SG_002254,0.7773108398175478
SG_002255,0.6438019855111351
SG_002260,0.917641534746445
SG_002262,0.4274349342634827
SG_002263,0.2319258116447545
SG_002266,0.2948014488865039
SG_002270,0.47908170110008047
SG_002277,0.25251207405419906
SG_002278,0.06500201234236652
SG_002280,0.4121914408371345
SG_002281,0.6314260799570701
SG_002283,0.40458478669170916
SG_002284,0.920871344244701
SG_002286,0.7244264824255435
SG_002288,0.5592534209820231
SG_002291,0.6468808693319025
SG_002292,0.30319291655486985
SG_002294,0.3244130668097666
SG_002296,0.6611584384223236
SG_002298,0.4200999463375369
SG_002301,0.2723738932116984
SG_002304,0.7520458814059567
SG_002311,0.41560236114837673
SG_002319,0.7597430909578751
SG_002320,0.47081097397370536
SG_002322,0.5306982828011806
SG_002324,0.6262946069224578
SG_002328,0.5824054199087739
SG_002332,0.326948618191575
SG_002341,0.9006171183257312
SG_002346,0.2875570163670513
SG_002347,0.7351422055272337
SG_002352,0.2113093640998122
SG_002357,0.3154480815669439
SG_002361,0.21490139522404078
SG_002370,0.1409478132546284
SG_002371,0.7096659511671587
SG_002372,0.07420847866917092
SG_002373,0.25758317681781595
SG_002374,0.2513952240407835
SG_002375,0.44325194526428763
SG_002381,0.31710826401931846
SG_002385,0.19220217332975587
SG_002387,0.2857459082371881
SG_002390,0.9164039441910385
SG_002391,0.19633753689294342
SG_002392,0.2545948484035417
SG_002394,0.5977394687416153
SG_002396,0.3113429031392541
SG_002401,0.4473571236919775
SG_002402,0.23793265360880067
SG_002404,0.44572712637510065
SG_002407,0.35085524550576874
SG_002410,0.44086731955996783
SG_002419,0.6702139790716394
SG_002421,0.7302522135766032
SG_002422,0.13237523477327612
SG_002423,0.8623121813791254
SG_002429,0.2873457204185672
SG_002430,0.6182653608800645
SG_002434,0.7796049101153744
SG_002437,0.34822913871746713
SG_002442,0.326737322243091
SG_002444,0.32254158840890795
SG_002447,0.2570700295143547
SG_002448,0.23883820767373226
SG_002450,0.9253689294338612
SG_002453,0.3965253555138181
SG_002454,0.7332103568553797
SG_002455,0.6793298899919508
SG_002456,0.7297088811376444
SG_002458,0.45946136302656293
SG_002459,0.3508854306412664
SG_002460,0.6637241749396298
SG_002462,0.13095653340488328
SG_002464,0.45680507110276364
SG_002466,0.5777267239066274
SG_002475,0.6176012878991146
SG_002477,0.4824020660048296
SG_002479,0.5938757713979071
SG_002482,0.4867789106519989
SG_002483,0.7066474376173868
SG_002486,0.5651093372685807
SG_002490,0.8727864233968341
SG_002493,0.3355211966729273
SG_002495,0.8272370539307755
SG_002498,0.2662463107056614
SG_002500,0.7599845720418568
SG_002502,0.36060504427153206
SG_002507,0.6638449154816207
SG_002509,0.3318084250067078
SG_002517,0.7340555406493159
SG_002520,0.40223034612288705
SG_002522,0.1253722833378052
SG_002526,0.20898510866648784
SG_002529,0.1527803863697344
SG_002532,0.09799436544137377
SG_002539,0.2407700563455863
SG_002541,0.09757177354440569
SG_002544,0.17596257043198282
SG_002545,0.297910517842769
SG_002546,0.6951167158572579
SG_002548,0.6553025221357661
SG_002555,0.5627850818352563
SG_002559,0.4165079152133083
SG_002568,0.11459618996511942
SG_002572,0.8395224040783473
SG_002573,0.28248591360343445
SG_002577,0.1989938288167427
SG_002580,0.7199288972363833
SG_002583,0.4579219211161793
SG_002586,0.1995069761202039
SG_002587,0.634565334048833
SG_002588,0.1772605312583848
SG_002594,0.12811913066809769
SG_002596,0.33666823182184064
SG_002597,0.09047826670244165
SG_002599,0.5038335122082104
SG_002600,0.8057754225918972
SG_002601,0.17572108934800107
SG_002605,0.39468406224845726
SG_002613,0.43413603434397635
SG_002615,0.7155822377247116
SG_002618,0.08543734907432252
SG_002622,0.40974644486181916
SG_002627,0.34279581432787765
SG_002628,0.2726455594311779
SG_002630,0.08516568285484305
SG_002633,0.8546753420982024
SG_002638,0.22256841964046153
SG_002649,0.587778374027368
SG_002650,0.4592198819425812
SG_002652,0.28577609337268584
SG_002653,0.32233029246042394
SG_002654,0.34638784545210627
SG_002657,0.32824657901797694
SG_002664,0.7451033002414812
SG_002665,0.20726455594311777
SG_002666,0.34306748054735714
SG_002667,0.5293097665682855
SG_002672,0.5948416957338343
SG_002673,0.6833746981486452
SG_002674,0.4455158304266166
SG_002675,0.44684397638851625
SG_002680,0.7689495572846795
SG_002684,0.7147672390662733
SG_002688,0.861165146230212
SG_002689,0.18637644217869603
SG_002691,0.39308425006707803
SG_002693,0.7867587872283339
SG_002699,0.16503555138180842
SG_002701,0.6335390394419105
SG_002705,0.6648712100885432
SG_002720,0.19890327341024955
SG_002731,0.5705426616581702
SG_002733,0.25115374295680176
SG_002735,0.5712369197746177
SG_002736,0.8016702441642072
SG_002738,0.12229339951703784
SG_002742,0.8277502012342367
SG_002746,0.5269553259994634
SG_002748,0.15908907968875774
SG_002752,0.4083881137644218
SG_002755,0.23325395760665418
SG_002757,0.33479675342098203
SG_002759,0.3709585457472498
SG_002767,0.28381405956533406
SG_002770,0.8754125301851357
SG_002773,0.8819928897236384
SG_002777,0.8461329487523478
SG_002782,0.1912060638583311
SG_002783,0.28568553796619267
SG_002785,0.23313321706466328
SG_002788,0.5371880869331903
SG_002789,0.49592500670780787
SG_002793,0.2734605580896163
SG_002796,0.37273946874161523
SG_002798,0.6064629729004561
SG_002809,0.7720586262409445
SG_002814,0.6490541990877382
SG_002820,0.23038636973437082
SG_002825,0.8502984974510331
SG_002827,0.6659276898309633
SG_002829,0.25003689294338616
SG_002832,0.8717903139254093
SG_002834,0.1302019050174403
SG_002840,0.8523209015293802
SG_002842,0.24559967802522137
SG_002843,0.3257110276361685
SG_002849,0.9051147035148914
SG_002850,0.2773242554333244
SG_002853,0.6644184330560774
SG_002875,0.9144117252481889
SG_002882,0.7817782398712102
SG_002887,0.8716695733834183
SG_002891,0.3737053930775423
SG_002896,0.41016903675878724
SG_002904,0.44225583579286293
SG_002906,0.920328011805742
SG_002907,0.5255064394955729
SG_002910,0.854614971827207
SG_002918,0.5685806278508184
SG_002926,0.16400925677488598
SG_002930,0.5126173866380467
SG_002932,0.08069828280118058
SG_002937,0.6850348806010197
SG_002939,0.3293332438958948
SG_002943,0.16168500134156158
SG_002944,0.2542929970485645
SG_002947,0.22145156962704587
SG_002949,0.45221693050711026
SG_002950,0.09165548698685269
SG_002952,0.2819123960289777
SG_002954,0.5230010732492621
SG_002955,0.8065602361148377
SG_002958,0.8683190233431716
SG_002960,0.7966896968070836
SG_002964,0.6971994902066005
SG_002967,0.45653340488328414
SG_002972,0.8725449423128523
SG_002982,0.8315837134424472
SG_002985,0.7834987925945802
SG_002989,0.4238429031392541
SG_002999,0.27023074859136037
SG_003002,0.37373557821304
SG_003008,0.43265696270458814
SG_003023,0.11323785886772203
SG_003024,0.2504896699758519
SG_003026,0.761674939629729
SG_003028,0.8310705661389858
SG_003030,0.6035953850281729
SG_003031,0.47899114569358736
SG_003037,0.2874966460960558
SG_003042,0.7392473839549236
SG_003043,0.3245036222162597
SG_003044,0.9352998390126107
SG_003045,0.2101019586799034
SG_003048,0.6215555406493158
SG_003049,0.278018513549772
SG_003051,0.1250100617118326
SG_003052,0.39993627582506036
SG_003059,0.9410048296216798
SG_003062,0.24937281996243627
SG_003065,0.199929568017172
SG_003067,0.20050308559162866
SG_003071,0.36778910651998925
SG_003072,0.6405419908773814
SG_003073,0.48412261872819967
SG_003075,0.48865038905285757
SG_003080,0.2418869063590019
SG_003082,0.5958679903407567
SG_003084,0.8126274483498793
SG_003085,0.3232660316608532
SG_003088,0.33313657096860744
SG_003089,0.7763751006171185
SG_003096,0.12310839817547627
SG_003097,0.9021565602361149
SG_003102,0.37180372954118596
SG_003105,0.683163402200161
SG_003107,0.08622216259726323
SG_003111,0.5069727662999732
SG_003116,0.7617353099007246
SG_003118,0.42444660584920846
SG_003125,0.11903340488328414
SG_003127,0.1637074054199088
SG_003133,0.806862087469815
SG_003135,0.586812449691441
SG_003137,0.6143111081298632
SG_003138,0.47011671585725784
SG_003139,0.9298665146230214
SG_003141,0.877314193721492
SG_003144,0.7715152938019857
SG_003151,0.574013952240408
SG_003154,0.9201167158572578
SG_003158,0.906231553528307
SG_003160,0.11338878454521063
SG_003164,0.8588408907968876
SG_003168,0.19890327341024955
SG_003169,0.09920177086128254
SG_003174,0.21855379661926483
SG_003179,0.9445063053394152
SG_003184,0.360182452374564
SG_003186,0.08407901797692514
SG_003193,0.5276495841159109
SG_003196,0.12135766031660855
SG_003198,0.7240038905285754
SG_003201,0.6771867453716127
SG_003204,0.79620673463912
SG_003205,0.5982526160450765
SG_003206,0.2517574456667561
SG_003211,0.6347162597263215
SG_003214,0.7120203917359808
SG_003215,0.2606318755030856
SG_003216,0.6618225114032735
SG_003217,0.5793265360880064
SG_003219,0.7244868526965389
SG_003226,0.4517943386101422
SG_003227,0.8768614166890262
SG_003230,0.708337805205259
SG_003231,0.6211631338878456
SG_003232,0.21918768446471693
SG_003234,0.5763080225382345
SG_003239,0.4483532331634022
SG_003241,0.7075529916823183
SG_003243,0.15172390662731422
SG_003250,0.08589012610678831
SG_003253,0.6726287899114569
SG_003256,0.6465488328414275
SG_003259,0.2379930238797961
SG_003266,0.8903843573920044
SG_003272,0.885373624899383
SG_003273,0.3113429031392541
SG_003281,0.15253890528575265
SG_003284,0.676703783203649
SG_003288,0.07197477864233968
SG_003293,0.15217668365978
SG_003294,0.44295009390931045
SG_003295,0.7842232358465254
SG_003296,0.18163737590555407
SG_003301,0.727686477059297
SG_003304,0.2540515159645828
SG_003305,0.6448584652535552
SG_003307,0.35043265360880066
SG_003310,0.47627448349879264
SG_003314,0.5323282801180576
SG_003321,0.37195465521867455
SG_003325,0.3462671049101154
SG_003328,0.7793030587603972
SG_003331,0.6144318486718541
SG_003332,0.7897773007781059
SG_003333,0.6015427958143279
SG_003340,0.6008485376978805
SG_003341,0.8343607459082373
SG_003342,0.4624195063053394
SG_003349,0.4068184867185404
SG_003355,0.47639522404078344
SG_003357,0.7875134156157769
SG_003361,0.08631271800375637
SG_003370,0.9058089616313388
SG_003371,0.7532834719613631
SG_003373,0.7134994633753691
SG_003374,0.6533706734639121
SG_003379,0.49462704588140594
SG_003388,0.3342836061175208
SG_003389,0.8039643144620339
SG_003390,0.2832707271263751
SG_003391,0.7495405151596459
SG_003392,0.23669506305339416
SG_003393,0.8940367587872284
SG_003397,0.07553662463107057
SG_003398,0.3436711832573115
SG_003399,0.6118057418835526
SG_003402,0.6846122887040517
SG_003404,0.22516434129326535
SG_003407,0.3477159914140059
SG_003408,0.7147672390662733
SG_003422,0.13349208478669172
SG_003426,0.2829688757713979
SG_003430,0.2850516501207406
SG_003434,0.1650053662463107
SG_003437,0.4300308559162866
SG_003439,0.24212838744298365
SG_003440,0.48868057418835525
SG_003441,0.096032331634022
SG_003444,0.32921250335390395
SG_003447,0.7703682586530722
SG_003452,0.3703548430372954
SG_003453,0.7706701100080494
SG_003464,0.5003924067614705
SG_003469,0.13234504963777838
SG_003475,0.9167057955460157
SG_003477,0.9139287630802254
SG_003479,0.5954755835792863
SG_003480,0.5926381808425009
SG_003482,0.7184800107324927
SG_003483,0.8519888650389054
SG_003485,0.24067950093909313
SG_003486,0.7496008854306413
SG_003489,0.10342768983096325
SG_003491,0.1883686611215455
SG_003492,0.43247585189160176
SG_003493,0.2013784545210625
SG_003501,0.6359236651462302
SG_003505,0.9020961899651195
SG_003509,0.07001274483498793
SG_003517,0.7699456667561042
SG_003521,0.665535283069493
SG_003526,0.06002146498524283
SG_003528,0.20629863160719075
SG_003532,0.13355245505768715
SG_003535,0.23331432787764955
SG_003538,0.4742822645559431
SG_003541,0.14979205795546016
SG_003545,0.5696672927287363
SG_003548,0.33325731151059834
SG_003549,0.31049771934531795
SG_003554,0.09669640461497184
SG_003557,0.8857962167963511
SG_003566,0.4108632948752348
SG_003568,0.28471961363026566
SG_003572,0.7436242286020929
SG_003575,0.313184196404615
SG_003578,0.5342601287899115
SG_003584,0.24472430909578752
SG_003585,0.45798229138717467
SG_003588,0.8301650120740542
SG_003589,0.47699892675073785
SG_003594,0.7262375905554066
SG_003597,0.7281392540917628
SG_003598,0.6054970485645291
SG_003601,0.6440736517306145
SG_003603,0.6014824255433325
SG_003610,0.21450898846257044
SG_003611,0.06530386369734371
SG_003613,0.45605044271532064
SG_003618,0.06548497451033003
SG_003619,0.16262074054199088
SG_003620,0.8569694123960291
SG_003625,0.9282063321706467
SG_003627,0.3119767909847062
SG_003628,0.7210155621143012
SG_003629,0.14070633217064665
SG_003637,0.8131707807888383
SG_003648,0.3118258653072176
SG_003650,0.30814327877649583
SG_003666,0.48517909847061985
SG_003668,0.7163368661121546
SG_003670,0.7527703246579018
SG_003671,0.15084853769788034
SG_003689,0.36703447813254625
SG_003691,0.3433693319023343
SG_003699,0.8857962167963511
SG_003702,0.30361550845183793
SG_003704,0.13572578481352293
SG_003705,0.26648779178964316
SG_003706,0.447085457472498
SG_003708,0.10182787764958412
SG_003710,0.11142675073785888
SG_003711,0.2861986852696539
SG_003714,0.2548363294875235
SG_003715,0.4241447544942313
SG_003722,0.8626442178696003
SG_003745,0.238325060370271
SG_003746,0.4446404614971827
SG_003751,0.230899517037832
SG_003754,0.7211966729272874
SG_003757,0.5957472497987658
SG_003758,0.5893178159377517
SG_003765,0.5988865038905287
SG_003767,0.09850751274483499
SG_003768,0.29655218674537165
SG_003769,0.1346994902066005
SG_003777,0.37729742420177087
SG_003783,0.2578850281727932
SG_003786,0.21565602361148378
SG_003787,0.11716192648242554
SG_003788,0.30971290582237726
SG_003792,0.2512744834987926
SG_003795,0.2698081566943923
SG_003806,0.5952341024953046
SG_003807,0.6521632680440033
SG_003809,0.7619164207137109
SG_003810,0.2353367319559968
SG_003812,0.7554869868526966
SG_003820,0.7211061175207943
SG_003822,0.6166353635631876
SG_003829,0.7678025221357662
SG_003835,0.27548296216796353
SG_003843,0.9189998658438423
SG_003844,0.5062785081835256
SG_003851,0.3191608532331634
SG_003852,0.5167225650657365
SG_003856,0.307479205795546
SG_003860,0.7682854843037296
SG_003863,0.10961564260799571
SG_003865,0.45206600482962167
SG_003868,0.5755533941507915
SG_003869,0.24575060370270996
SG_003874,0.6368594043466597
SG_003878,0.8885128789911458
SG_003880,0.6819258116447545
SG_003881,0.43630936409981214
SG_003886,0.525596994902066
SG_003896,0.49683056077273946
SG_003904,0.8337268580627852
SG_003905,0.6736248993828818
SG_003906,0.10532935336731958
SG_003907,0.28758720150254896
SG_003908,0.4434934263482693
SG_003910,0.9287496646096056
SG_003917,0.34445599678025224
SG_003919,0.6765226723906628
SG_003920,0.6068855647974243
SG_003921,0.23452173329755838
SG_003922,0.7941541454252752
SG_003925,0.23074859136034342
SG_003926,0.2732492621411323
SG_003935,0.3359136034343977
SG_003937,0.683284142742152
SG_003940,0.7789106519989268
SG_003941,0.6896230211966731
SG_003945,0.9210524550576872
SG_003951,0.9261235578213041
SG_003958,0.12872283337805207
SG_003959,0.4006305339415079
SG_003961,0.6822276629997317
SG_003966,0.4158438422323585
SG_003967,0.08975382345049637
SG_003969,0.26724242017708616
SG_003972,0.6643580627850819
SG_003977,0.817396699758519
SG_003978,0.06783941507915214
SG_003979,0.6812919237993026
SG_003988,0.14701502548967
SG_003992,0.5906459618996512
SG_003994,0.2637409444593507
SG_003995,0.9333076200697613
SG_004001,0.44699490206600484
SG_004002,0.46395894821572314
SG_004011,0.15495371612557018
SG_004012,0.06479071639388248
SG_004016,0.9052656291923801
SG_004019,0.9286591092031125
SG_004034,0.7082170646632681
SG_004036,0.3341628655755299
SG_004041,0.8156761470351489
SG_004042,0.4752783740273679
SG_004045,0.13008116447544943
SG_004048,0.9050845183793937
SG_004049,0.10469546552186745
SG_004050,0.8257579822913873
SG_004054,0.8247618728199625
SG_004060,0.5748893211698418
SG_004063,0.23871746713174136
SG_004064,0.5869633753689296
SG_004065,0.8926482425543333
SG_004066,0.21505232090152937
SG_004071,0.18372015025489669
SG_004074,0.19911456935873356
SG_004078,0.8370774081030321
SG_004079,0.2034612288704052
SG_004080,0.5319056882210894
SG_004081,0.611654816206064
SG_004083,0.9290213308290851
SG_004087,0.4802891065199893
SG_004089,0.15742889723638315
SG_004091,0.3513985779447277
SG_004093,0.912359136034344
SG_004094,0.6517406761470352
SG_004100,0.3368493426348269
SG_004107,0.2105547357123692
SG_004109,0.7970519184330561
SG_004110,0.6559364099812183
SG_004111,0.4868996511939898
SG_004123,0.06925811644754495
SG_004126,0.3252884357392004
SG_004127,0.06913737590555408
SG_004129,0.4973738932116984
SG_004130,0.18196941239602898
SG_004131,0.9342735444056883
SG_004136,0.1796451569627046
SG_004140,0.4569559967802522
SG_004149,0.12594580091226187
SG_004152,0.7925241481083983
SG_004155,0.8486081298631607
SG_004157,0.22344378856989539
SG_004163,0.20361215454789378
SG_004164,0.49803796619264823
SG_004168,0.39761202039173593
SG_004170,0.5712972900456131
SG_004171,0.22471156426079958
SG_004174,0.27605647974242015
SG_004175,0.1415515159645828
SG_004178,0.23871746713174136
SG_004181,0.6243627582506037
SG_004184,0.6477260531258385
SG_004186,0.4998792594580092
SG_004187,0.8341494499597533
SG_004191,0.6248155352830695
SG_004192,0.8453481352294072
SG_004197,0.38864703514891336
SG_004201,0.8445935068419642
SG_004204,0.8189965119398981
SG_004207,0.5156359001878186
SG_004209,0.7019989267507379
SG_004214,0.5765495036222164
SG_004218,0.4720787496646096
SG_004220,0.45828414274215185
SG_004223,0.24650523209015296
SG_004224,0.48366984169573385
SG_004225,0.8016098738932117
SG_004228,0.6992218942849479
SG_004229,0.5805037563724176
SG_004230,0.2879796082640193
SG_004235,0.4823115105983365
SG_004238,0.6096927823987122
SG_004239,0.8813891870136841
SG_004244,0.46404950362221625
SG_004253,0.6781828548430373
SG_004256,0.5705124765226725
SG_004257,0.7622182720686881
SG_004258,0.2735511134961095
SG_004262,0.7374966460960558
SG_004263,0.2922960826401932
SG_004265,0.23515562114301047
SG_004268,0.09868862355782132
SG_004269,0.893765092567749
SG_004271,0.08365642607995707
SG_004286,0.4858129863160719
SG_004289,0.24798430372954122
SG_004290,0.799859136034344
SG_004291,0.8704319828280118
SG_004297,0.5219144083713444
SG_004300,0.6159712905822378
SG_004302,0.8371075932385297
SG_004305,0.4536658170110008
SG_004306,0.5298530990072444
SG_004312,0.598192245774081
SG_004313,0.24393949557284683
SG_004315,0.7017574456667561
SG_004320,0.1346994902066005
SG_004321,0.8619499597531528
SG_004322,0.8247920579554603
SG_004325,0.5166320096592434
SG_004326,0.4709015293801986
SG_004339,0.2038234504963778
SG_004342,0.585514488865039
SG_004347,0.5291286557552992
SG_004348,0.9426650120740543
SG_004349,0.8508116447544943
SG_004350,0.7858834182989001
SG_004357,0.31064864502280654
SG_004358,0.6585021464985243
SG_004359,0.3484706198014489
SG_004362,0.709092433592702
SG_004365,0.20050308559162866
SG_004368,0.8078280118057419
SG_004369,0.504950362221626
SG_004370,0.2205158304266166
SG_004378,0.7195364904749129
SG_004379,0.3653742956801717
SG_004388,0.7364703514891333
SG_004390,0.18649718272068688
SG_004391,0.33220083176817816
SG_004401,0.2978501475717736
SG_004404,0.8393714784008587
SG_004405,0.6684028709417763
SG_004406,0.33274416420713715
SG_004408,0.3921786960021465
SG_004415,0.5999429836329488
SG_004417,0.2361819157499329
SG_004419,0.18740273678561847
SG_004420,0.8317044539844379
SG_004422,0.11160786155084519
SG_004423,0.3559565334048833
SG_004426,0.18190904212503356
SG_004427,0.47621411322779716
SG_004429,0.8525321974778642
SG_004432,0.4734068956265093
SG_004439,0.8914106519989269
SG_004445,0.4821303997853501
SG_004447,0.6895324657901798
SG_004448,0.22670378320364903
SG_004451,0.619502951435471
SG_004457,0.6804467400053663
SG_004458,0.23886839280923
SG_004460,0.18024885967265897
SG_004461,0.9346961363026564
SG_004462,0.06394553259994634
SG_004464,0.2242889723638315
SG_004465,0.53957271263751
SG_004469,0.2899718272068688
SG_004474,0.2347330292460424
SG_004475,0.20801918433056077
SG_004476,0.1398309632412128
SG_004477,0.8302555674805475
SG_004480,0.8396431446203381
SG_004482,0.4562617386638047
SG_004484,0.16956332170646637
SG_004486,0.5439495572846795
SG_004494,0.8812684464716931
SG_004504,0.2556211430104642
SG_004508,0.13738596726589752
SG_004509,0.41454588140595655
SG_004511,0.791920445398444
SG_004514,0.5859068956265093
SG_004515,0.5410819694123962
SG_004518,0.5013583310973975
SG_004521,0.2280319291655487
SG_004526,0.6394553259994634
SG_004530,0.8676851354977194
SG_004534,0.8895995438690636
SG_004536,0.2936845988730883
SG_004538,0.5534880601019587
SG_004539,0.9017943386101424
SG_004541,0.4866279849745103
SG_004549,0.34792728736248996
SG_004552,0.5731687684464717
SG_004553,0.07858532331634023
SG_004556,0.36332170646632683
SG_004559,0.2670009390931044
SG_004562,0.2794674000536625
SG_004565,0.6753152669707541
SG_004568,0.07155218674537162
SG_004576,0.1965186477059297
SG_004577,0.26799704856452916
SG_004593,0.6271699758518916
SG_004594,0.6123188891870138
SG_004600,0.801157096860746
SG_004602,0.9237087469814865
SG_004608,0.39857794472766295
SG_004609,0.5360108666487792
SG_004612,0.3651931848671854
SG_004614,0.1451435470888114
SG_004617,0.7999496914408373
SG_004620,0.3752750201234236
SG_004623,0.33672860209283606
SG_004626,0.46133284142742154
SG_004631,0.53851623289509
SG_004632,0.4624798765763349
SG_004633,0.45771062516769523
SG_004635,0.3841494499597532
SG_004637,0.3324423128521599
SG_004638,0.4185001341561578
SG_004641,0.7662328950898848
SG_004645,0.7813254628387445
SG_004652,0.2398645022806547
SG_004653,0.12392339683391468
SG_004655,0.7903206332170647
SG_004656,0.6987993023879797
SG_004658,0.12102562382613363
SG_004659,0.3415884089079689
SG_004662,0.5681278508183526
SG_004664,0.35653005097933993
SG_004668,0.33509860477595926
SG_004669,0.21378454521062518
SG_004672,0.8362925945800913
SG_004676,0.5286758787228334
SG_004682,0.1729440568822109
SG_004685,0.9316474376173868
SG_004689,0.49483834182989
SG_004695,0.4391467668365978
SG_004697,0.6111718540381004
SG_004700,0.6693386101422056
SG_004701,0.7573282801180575
SG_004709,0.7011839280922996
SG_004710,0.5179903407566407
SG_004712,0.3238697343708076
SG_004716,0.38079889991950633
SG_004720,0.3171384491548162
SG_004721,0.4604574724979877
SG_004723,0.5599476790984708
SG_004731,0.708760397102227
SG_004736,0.849996646096056
SG_004737,0.8442614703514892
SG_004738,0.7414207137107595
SG_004739,0.7652971558894553
SG_004742,0.3960423933458546
SG_004751,0.8640327341024954
SG_004753,0.18882143815401126
SG_004755,0.8729675342098204
SG_004757,0.1361181915749933
SG_004760,0.12790783471961364
SG_004761,0.1602964851086665
SG_004762,0.5373390126106788
SG_004763,0.4460893480010733
SG_004764,0.5540917628119132
SG_004766,0.7847665682854843
SG_004769,0.4400221357660316
SG_004772,0.33464582774349344
SG_004773,0.6609169573383419
SG_004782,0.19757512744834987
SG_004784,0.5752817279313122
SG_004786,0.7964482157231018
SG_004787,0.6509256774885969
SG_004789,0.12410450764690101
SG_004797,0.4412597263214382
SG_004798,0.4266199356050443
SG_004799,0.9191809766568286
SG_004801,0.8363529648510868
SG_004804,0.8436577676415349
SG_004813,0.7344781325462839
SG_004816,0.8048396833914677
SG_004817,0.26280520525892137
SG_004818,0.850087201502549
SG_004821,0.5737422860209284
SG_004827,0.3506439495572847
SG_004828,0.24919170914944994
SG_004829,0.7204420445398444
SG_004830,0.7818687952777033
SG_004831,0.7356855379661927
SG_004836,0.14767909847061983
SG_004840,0.28112758250603703
SG_004842,0.5787832036490476
SG_004844,0.10052991682318219
SG_004846,0.8911993560504429
SG_004853,0.5754628387442985
SG_004855,0.67166286557553
SG_004856,0.12422524818889188
SG_004866,0.6028407566407299
SG_004867,0.23998524282264555
SG_004868,0.8914710222699223
SG_004873,0.7948182184062249
SG_004877,0.42429568017171987
SG_004881,0.19416420713710758
SG_004882,0.8413938824792059
SG_004887,0.8421786960021467
SG_004898,0.8387375905554065
SG_004900,0.5684900724443253
SG_004906,0.792976925140864
SG_004907,0.5818922726053126
SG_004912,0.5721122887040516
SG_004913,0.07798162060638583
SG_004919,0.15435001341561577
SG_004922,0.7638784545210625
SG_004923,0.5442514086396567
SG_004925,0.6986181915749935
SG_004927,0.13083579286289243
SG_004929,0.8189361416689027
SG_004930,0.6404816206063859
SG_004939,0.8260296485108668
SG_004942,0.17716997585189165
SG_004944,0.2928997853501476
SG_004945,0.1194258116447545
SG_004959,0.8042963509525088
SG_004960,0.7636369734370808
SG_004964,0.31475382345049635
SG_004968,0.9460155621143012
SG_004969,0.7511101422055273
SG_004973,0.8439898041320097
SG_004975,0.5310303192916555
SG_004981,0.6945130131473035
SG_004985,0.7384625704319829
SG_004988,0.38680574188355243
SG_004990,0.6332070029514355
SG_004993,0.1997786423396834
SG_004997,0.15945130131473034
SG_005000,0.18486718540381009
SG_005002,0.8511436812449692
SG_005004,0.9035450764690101
SG_005011,0.3678796619264824
SG_005013,0.09778306949288973
SG_005018,0.3728903944191038
SG_005019,0.3686342903139254
SG_005020,0.2700194526428763
SG_005022,0.24092098202307488
SG_005027,0.33111416689026024
SG_005029,0.25018781862087475
SG_005030,0.08676549503622216
SG_005031,0.2615676147035149
SG_005033,0.27430574188355245
SG_005037,0.08247920579554602
SG_005041,0.31043734907432247
SG_005048,0.5155453447813255
SG_005049,0.37056613898577945
SG_005052,0.2668801985511135
SG_005057,0.4795042929970486
SG_005058,0.44029380198551116
SG_005062,0.8577844110544675
SG_005080,0.29462033807351756
SG_005085,0.40926348269385565
SG_005086,0.4615743225114033
SG_005089,0.6664106519989268
SG_005090,0.11239267507378589
SG_005091,0.8774349342634827
SG_005094,0.5167527502012343
SG_005097,0.5060068419640462
SG_005098,0.7812047222967535
SG_005100,0.9147437617386639
SG_005101,0.6770660048296218
SG_005102,0.8722129058223773
SG_005108,0.8801817815937752
SG_005110,0.9014924872551652
SG_005114,0.3467198819425812
SG_005120,0.3503420982023075
SG_005122,0.3721961363026563
SG_005123,0.3627783740273679
SG_005126,0.5142473839549236
SG_005131,0.1315602361148377
SG_005132,0.2812181379125302
SG_005134,0.2988462570431983
SG_005137,0.3579789374832305
SG_005140,0.5030185135497719
SG_005141,0.4389052857526161
SG_005142,0.7840119398980414
SG_005143,0.10092232358465253
SG_005148,0.7757412127716663
SG_005161,0.822769653877113
SG_005168,0.7303427689830964
SG_005170,0.2570700295143547
SG_005171,0.7037496646096056
SG_005174,0.21360343439763885
SG_005175,0.2281526697075396
SG_005178,0.40099275556748054
SG_005179,0.24415079152133085
SG_005188,0.6219479474107862
SG_005190,0.3626274483498793
SG_005191,0.4058827475181111
SG_005194,0.8272672390662732
SG_005196,0.213482693855648
SG_005199,0.18966662194794742
SG_005200,0.18827810571505232
SG_005203,0.24472430909578752
SG_005205,0.5950529916823183
SG_005213,0.17288368661121545
SG_005214,0.5756741346927824
SG_005216,0.8696471693050712
SG_005220,0.36573651730614437
SG_005224,0.26561242286020925
SG_005228,0.8122652267239068
SG_005233,0.2273376710491012
SG_005235,0.5519184330560774
SG_005240,0.13210356855379662
SG_005241,0.510112020391736
SG_005246,0.6904380198551114
SG_005247,0.3925107324926215
SG_005248,0.5731989535819695
SG_005250,0.38016501207405423
SG_005251,0.6617923262677757
SG_005253,0.1364200429299705
SG_005255,0.2231721223504159
SG_005264,0.8777367856184599
SG_005268,0.3581902334317145
SG_005270,0.4587369197746176
SG_005277,0.8601086664877919
SG_005282,0.08522605312583847
SG_005283,0.5891065199892677
SG_005284,0.6279547893748324
SG_005287,0.9189696807083447
SG_005289,0.8235544674000537
SG_005291,0.5052522135766032
SG_005292,0.30080829085055005
SG_005296,0.11341896968070836
SG_005302,0.3388415615776764
SG_005305,0.5636302656291924
SG_005311,0.6147337000268313
SG_005312,0.561306010195868
SG_005313,0.4090823718808693
SG_005316,0.24535819694123961
SG_005320,0.6382479205795547
SG_005321,0.5151831231553529
SG_005322,0.7871511939898042
SG_005323,0.5263214381540112
SG_005325,0.2746075932385297
SG_005328,0.34551247652267236
SG_005329,0.4755500402468473
SG_005332,0.6942413469278241
SG_005333,0.7874832304802791
SG_005335,0.14028374027367857
SG_005340,0.8173665146230212
SG_005341,0.4859337268580628
SG_005346,0.798470619801449
SG_005350,0.8049000536624632
SG_005351,0.11079286289240678
SG_005353,0.1295680171719882
SG_005356,0.3230245505768715
SG_005360,0.8576636705124766
SG_005362,0.5836128253286826
SG_005363,0.40932385296485113
SG_005365,0.34581432787764954
SG_005371,0.464834317145157
SG_005372,0.08585994097129059
SG_005376,0.8421183257311511
SG_005378,0.6634826938556481
SG_005379,0.23461228870405154
SG_005380,0.8736014220552724
SG_005384,0.8953347196136303
SG_005386,0.4624195063053394
SG_005387,0.8728467936678295
SG_005397,0.8536792326267777
SG_005401,0.8675342098202309
SG_005408,0.8138650389052858
SG_005412,0.31387845452106256
SG_005414,0.6580191843305608
SG_005421,0.4545713710759324
SG_005424,0.15462167963509527
SG_005428,0.6981050442715322
SG_005432,0.238113764421787
SG_005439,0.8627347732760935
SG_005444,0.444610276361685
SG_005445,0.7002180037563724
SG_005446,0.29356385833109744
SG_005447,0.9238596726589751
SG_005449,0.24581097397370544
SG_005450,0.7016970753957608
SG_005451,0.45140193184867183
SG_005452,0.3776898309632412
SG_005456,0.3417695197209552
SG_005457,0.07004292997048565
SG_005459,0.0510866648779179
SG_005460,0.1276663536356319
SG_005465,0.6079420445398445
SG_005466,0.8446236919774619
SG_005470,0.5683391467668367
SG_005473,0.7356251676951974
SG_005477,0.8405486986852698
SG_005486,0.32359806815132813
SG_005489,0.5903742956801719
SG_005491,0.49341964046149717
SG_005496,0.31765159645827745
SG_005497,0.753615508451838
SG_005499,0.8989569358733567
SG_005503,0.27469814864502284
SG_005504,0.14070633217064665
SG_005506,0.20433659779983898
SG_005510,0.2891266434129327
SG_005511,0.7290749932921922
SG_005515,0.29963107056613897
SG_005518,0.7705795546015562
SG_005519,0.9018848940166354
SG_005524,0.8780084518379394
SG_005529,0.7642406761470352
SG_005530,0.6650221357660318
SG_005531,0.4820096592433593
SG_005532,0.09020660048296217
SG_005534,0.8266635363563188
SG_005535,0.635953850281728
SG_005541,0.888180842500671
SG_005542,0.3863831499865844
SG_005550,0.13451837939361416
SG_005555,0.43751676951972096
SG_005557,0.1291152401395224
SG_005565,0.7066776227528845
SG_005569,0.3790783471961363
SG_005572,0.11532063321706466
SG_005575,0.2652502012342367
SG_005579,0.875684196404615
SG_005580,0.45740877381271805
SG_005583,0.2473806010195868
SG_005591,0.8937952777032466
SG_005592,0.3543869063590019
SG_005593,0.5029279581432788
SG_005594,0.2926884894016636
SG_005599,0.3297558357928629
SG_005603,0.7208042661658172
SG_005606,0.2562248457204186
SG_005611,0.6532801180574189
SG_005615,0.8044472766299975
SG_005622,0.4850583579286289
SG_005625,0.6353501475717737
SG_005630,0.8525321974778642
SG_005634,0.3873188891870137
SG_005635,0.8109370807620071
SG_005636,0.71811778910652
SG_005638,0.7114166890260263
SG_005640,0.23609136034343975
SG_005643,0.3358532331634022
SG_005644,0.49492889723638317
SG_005645,0.793097665682855
SG_005650,0.46640394419103837
SG_005654,0.7754091762811913
SG_005655,0.0840186477059297
SG_005656,0.49305741883552456
SG_005661,0.9394955728467937
SG_005664,0.14665280386369733
SG_005666,0.8817212235041589
SG_005671,0.32788435739200433
SG_005681,0.20524215186477063
SG_005683,0.8367151864770594
SG_005687,0.16651462302119668
SG_005688,0.519046820499061
SG_005691,0.4436745371612557
SG_005692,0.9071069224577409
SG_005693,0.3870170378320365
SG_005694,0.7461295948484036
SG_005696,0.4382412127716663
SG_005703,0.5366145693587335
SG_005704,0.4030453447813255
SG_005706,0.875472900456131
SG_005707,0.37765964582774353
SG_005713,0.6149751811108131
SG_005715,0.11266434129326537
SG_005719,0.3421317413469278
SG_005722,0.09757177354440569
SG_005724,0.7504762543600751
SG_005725,0.2619298363294875
SG_005726,0.17886034343976392
SG_005730,0.8663569895358197
SG_005735,0.3836966729272874
SG_005736,0.8071337536892944
SG_005740,0.44672323584652535
SG_005748,0.646609203112423
SG_005750,0.2556513281459619
SG_005753,0.701787630802254
SG_005758,0.17315535283069494
SG_005759,0.3807385296485109
SG_005764,0.09117252481888918
SG_005765,0.0769855111349611
SG_005772,0.6164240676147036
SG_005773,0.11577341024953046
SG_005776,0.4428293533673196
SG_005778,0.8013080225382345
SG_005784,0.1376878186208747
SG_005786,0.17677756909042125
SG_005789,0.3553528306949289
SG_005794,0.5613965656023613
SG_005796,0.4520961899651194
SG_005801,0.5599476790984708
SG_005807,0.16464314462033808
SG_005809,0.3200965924335927
SG_005811,0.3801348269385565
SG_005813,0.11734303729541187
SG_005814,0.7202911188623559
SG_005817,0.5425912261872821
SG_005818,0.669187684464717
SG_005820,0.35106654145425276
SG_005821,0.2818218406224846
SG_005824,0.4100784813522941
SG_005825,0.6567815937751543
SG_005827,0.24418097665682853
SG_005828,0.46474376173866383
SG_005830,0.5231821840622485
SG_005838,0.7263281459618998
SG_005840,0.8997115642607997
SG_005842,0.41276495841159105
SG_005846,0.16102092836061177
SG_005847,0.2578246579017977
SG_005848,0.5659545210625169
SG_005857,0.8386470351489134
SG_005861,0.17861886235578212
SG_005862,0.5182318218406226
SG_005871,0.278984437885699
SG_005872,0.9014623021196674
SG_005873,0.16714851086664878
SG_005874,0.31904011269117255
SG_005875,0.41970753957606655
SG_005877,0.16277166621947947
SG_005880,0.3170780788838208
SG_005884,0.21553528306949288
SG_005892,0.9251878186208747
SG_005894,0.2435470888113765
SG_005898,0.7084585457472499
SG_005899,0.36573651730614437
SG_005905,0.6927320901529381
SG_005909,0.34228266702441645
SG_005910,0.7910752616045077
SG_005920,0.43969009927555674
SG_005921,0.3369700831768178
SG_005922,0.22250804936946605
SG_005925,0.44922860209283605
SG_005928,0.47373893211698415
SG_005932,0.08278105715052321
SG_005934,0.6924906090689564
SG_005935,0.1631037027099544
SG_005937,0.21580694928897237
SG_005939,0.1772907163938825
SG_005943,0.5590119398980413
SG_005951,0.23249932921921118
SG_005955,0.8633384759860478
SG_005959,0.847189428494768
SG_005966,0.7404547893748323
SG_005967,0.8022437617386639
SG_005969,0.8589012610678832
SG_005976,0.9452911188623558
SG_005977,0.7563321706466328
SG_005979,0.7898376710491013
SG_005980,0.4742218942849477
SG_005985,0.7922524818889187
SG_005986,0.7285014757177356
SG_005991,0.9436309364099813
SG_005999,0.13041320096592435
SG_006000,0.8476120203917361
SG_006004,0.8656325462838744
SG_006009,0.793097665682855
SG_006012,0.31411993560504425
SG_006013,0.5942983632948753
SG_006022,0.31737993023879796
SG_006023,0.826542795814328
SG_006026,0.39960423933458544
SG_006028,0.5587704588140596
SG_006029,0.607459082371881
SG_006033,0.5947511403273411
SG_006035,0.4705694928897236
SG_006036,0.6144620338073519
SG_006038,0.5012074054199088
SG_006039,0.7987121008854308
SG_006041,0.46546820499060915
SG_006047,0.6960826401931849
SG_006049,0.2382646900992756
SG_006050,0.8764388247920581
SG_006054,0.07861550845183794
SG_006063,0.4264991950630534
SG_006067,0.7609806815132816
SG_006069,0.6626676951972097
SG_006073,0.12419506305339417
SG_006074,0.3329252750201234
SG_006075,0.16412999731687689
SG_006076,0.48451502548967
SG_006077,0.7418734907432252
SG_006079,0.718661121545479
SG_006081,0.11206063858331097
SG_006086,0.5126173866380467
SG_006092,0.36486114837671046
SG_006095,0.5325395760665415
SG_006097,0.9009189696807084
SG_006099,0.7659612288704053
SG_006101,0.2650087201502549
SG_006112,0.7446807083445132
SG_006122,0.37772001609873895
SG_006127,0.5723537697880333
SG_006131,0.13228467936678295
SG_006133,0.44922860209283605
SG_006136,0.5556010195867991
SG_006137,0.8156459618996513
SG_006140,0.8192379930238799
SG_006143,0.4511604507646901
SG_006148,0.4097766299973169
SG_006150,0.8795780788838209
SG_006151,0.7018178159377516
SG_006154,0.152931312047223
SG_006161,0.3128219747786424
SG_006163,0.7094848403541724
SG_006169,0.688657096860746
SG_006170,0.41364032734102496
SG_006179,0.7356855379661927
SG_006181,0.21619935605044271
SG_006184,0.10357861550845185
SG_006187,0.27288704051515966
SG_006189,0.39054869868526965
SG_006197,0.16856721223504162
SG_006202,0.1552857526160451
SG_006206,0.4553259994633754
SG_006212,0.5606419372149182
SG_006213,0.7606788301583044
SG_006218,0.2523913335122082
SG_006222,0.5623021196672928
SG_006224,0.2794674000536625
SG_006225,0.9411859404346661
SG_006226,0.6135866648779179
SG_006229,0.44977193453179504
SG_006237,0.9161322779715589
SG_006238,0.20575529916823182
SG_006240,0.056489804132009665
SG_006241,0.06928830158304267
SG_006242,0.5221257043198283
SG_006244,0.7486953313657096
SG_006245,0.1581231553528307
SG_006247,0.7881774885967266
SG_006250,0.40799570700295146
SG_006251,0.29314126643412936
SG_006252,0.41080292460423934
SG_006254,0.8104239334585458
SG_006256,0.800613764421787
SG_006260,0.14091762811913067
SG_006262,0.4206130936409981
SG_006263,0.5386671585725785
SG_006264,0.10457472497987658
SG_006266,0.881057150523209
SG_006269,0.7390360880064395
SG_006275,0.9398879796082641
SG_006277,0.2650690904212504
SG_006283,0.3560169036758787
SG_006284,0.3862020391735981
SG_006287,0.5420780788838208
SG_006288,0.20593640998121815
SG_006300,0.33823785886772206
SG_006301,0.12066340220016099
SG_006304,0.7595016098738933
SG_006306,0.5808357928628924
SG_006313,0.5255668097665683
SG_006315,0.2960390394419104
SG_006317,0.4683961631338878
SG_006320,0.290273678561846
SG_006322,0.9095217332975585
SG_006326,0.244241346927824
SG_006328,0.8872451033002414
SG_006331,0.1124228602092836
SG_006337,0.648963643681245
SG_006340,0.6845821035685539
SG_006345,0.8392809229943655
SG_006348,0.08863697343708077
SG_006349,0.2518178159377516
SG_006356,0.4671283874429837
SG_006357,0.3415884089079689
SG_006358,0.5549067614703517
SG_006360,0.89666286557553
SG_006371,0.5102629460692246
SG_006373,0.46326469009927557
SG_006380,0.7027535551381809
SG_006382,0.16566943922726055
SG_006388,0.06394553259994634
SG_006393,0.7186007512744836
SG_006394,0.10228065468204992
SG_006396,0.23554802790448082
SG_006398,0.645311242286021
SG_006400,0.6756171183257312
SG_006403,0.19340957874966463
SG_006404,0.0860410517842769
SG_006411,0.7603769788033272
SG_006417,0.5712369197746177
SG_006418,0.9114535819694125
SG_006420,0.4252314193721492
SG_006421,0.2108565870673464
SG_006423,0.582073383418299
SG_006424,0.643922726053126
SG_006429,0.7357459082371882
SG_006435,0.17801515964582776
SG_006438,0.6347162597263215
SG_006439,0.8377414810839818
SG_006441,0.46779246042393346
SG_006445,0.5771532063321707
SG_006446,0.6398779178964316
SG_006448,0.515696270458814
SG_006451,0.32389991950630537
SG_006452,0.4750972632143815
SG_006455,0.6204386906359003
SG_006463,0.8861584384223237
SG_006467,0.44053528306949286
SG_006469,0.18903273410249533
SG_006470,0.5878991145693587
SG_006477,0.8771330829085056
SG_006480,0.8448048027904481
SG_006486,0.6463375368929434
SG_006487,0.5123457204185673
SG_006488,0.8073450496377784
SG_006490,0.501297960826402
SG_006491,0.863096994902066
SG_006493,0.8072544942312853
SG_006494,0.6270190501744031
SG_006496,0.1813958948215723
SG_006497,0.5759156157767642
SG_006498,0.8947008317681783
SG_006500,0.6679199087738128
SG_006502,0.27973906627314193
SG_006503,0.47826670244164204
SG_006505,0.5800207942044541
SG_006506,0.5916118862355783
SG_006507,0.5487791789643145
SG_006512,0.49360075127448344
SG_006516,0.30074792057955463
SG_006520,0.22184397638851622
SG_006522,0.6608264019318487
SG_006528,0.8755332707271264
SG_006534,0.6349275556748055
SG_006535,0.7852193453179501
SG_006536,0.505704990609069
SG_006537,0.19660920311242286
SG_006539,0.8528340488328414
SG_006541,0.18679903407566406
SG_006543,0.7045344781325464
SG_006545,0.6836161792326269
SG_006548,0.4435839817547626
SG_006550,0.0676281191306681
SG_006551,0.05839146766836598
SG_006557,0.5283136570968607
SG_006560,0.15099946337536896
SG_006564,0.9393144620338074
SG_006566,0.6682519452642877
SG_006567,0.9006774885967267
SG_006577,0.7015763348537698
SG_006579,0.09832640193184868
SG_006581,0.11148712100885431
SG_006588,0.385236114837671
SG_006592,0.4715957874966461
SG_006597,0.08489401663536356
SG_006601,0.5388784545210625
SG_006607,0.08782197477864234
SG_006608,0.19742420177086129
SG_006610,0.06829219211161792
SG_006615,0.7885397102226992
SG_006616,0.23678561845988733
SG_006620,0.23355580896163136
SG_006622,0.4615743225114033
SG_006623,0.6075496377783741
SG_006624,0.34312785081835256
SG_006626,0.8586899651193991
SG_006627,0.9114837671049102
SG_006633,0.22848470619801448
SG_006637,0.483217064663268
SG_006638,0.9467701905017442
SG_006639,0.7699154816206064
SG_006644,0.5832204185672123
SG_006645,0.7533438422323585
SG_006651,0.5302455057687149
SG_006659,0.5411121545478937
SG_006664,0.3106788301583043
SG_006668,0.25178763080225386
SG_006673,0.48572243090957873
SG_006687,0.22060638583310976
SG_006688,0.5049201770861282
SG_006690,0.6788469278239873
SG_006693,0.6116850013415617
SG_006698,0.10925342098202309
SG_006700,0.47135430641266435
SG_006706,0.1910853233163402
SG_006710,0.17807552991682318
SG_006713,0.5610343439763886
SG_006716,0.3258619533136571
SG_006728,0.2732190770056346
SG_006734,0.8188154011269119
SG_006736,0.8539810839817549
SG_006744,0.37467131741346926
SG_006745,0.2029178964314462
SG_006749,0.21816138985779449
SG_006758,0.3251978803327073
SG_006760,0.35031191306680975
SG_006765,0.6944224577408105
SG_006766,0.6168768446471694
SG_006769,0.687902468473303
SG_006778,0.1790414542527502
SG_006780,0.48611483767104907
SG_006781,0.23636302656291924
SG_006786,0.690920982023075
SG_006789,0.1504863160719077
SG_006792,0.22936007512744838
SG_006793,0.09165548698685269
SG_006800,0.873329755835793
SG_006802,0.46121210088543063
SG_006808,0.5982224309095788
SG_006820,0.25586262409444593
SG_006833,0.40307552991682316
SG_006835,0.4792628119130668
SG_006837,0.29093775154279583
SG_006841,0.7661725248188892
SG_006847,0.28973034612288706
SG_006848,0.18172793131204723
SG_006851,0.37850482962167964
SG_006852,0.6637543600751276
SG_006860,0.12389321169841697
SG_006861,0.38547759592165287
SG_006863,0.12845116715857258
SG_006866,0.5341092031124228
SG_006868,0.6078213039978536
SG_006874,0.1462302119667293
SG_006877,0.20388382076737321
SG_006879,0.37394687416152406
SG_006880,0.3272202844110545
SG_006881,0.8627951435470889
SG_006889,0.0921384491548162
SG_006890,0.8088241212771667
SG_006897,0.9392842768983097
SG_006901,0.2925677488596727
SG_006908,0.17442312852159914
SG_006910,0.46552857526160446
SG_006914,0.8936745371612558
SG_006918,0.6530688221089349
SG_006924,0.2104339951703783
SG_006925,0.9086161792326268
SG_006927,0.3188590018781862
SG_006929,0.37729742420177087
SG_006937,0.8395525892138449
SG_006938,0.423752347732761
SG_006940,0.515273678561846
SG_006942,0.12048229138717469
SG_006945,0.12407432251140328
SG_006949,0.4999396297290045
SG_006950,0.7395794204453986
SG_006951,0.3383585994097129
SG_006953,0.1683861014220553
SG_006954,0.7926147035148914
SG_006956,0.8580862624094446
SG_006957,0.5511939898041321
SG_006962,0.5894083713442448
SG_006963,0.33120472229675346
SG_006964,0.14164207137107596
SG_006966,0.10167695197209553
SG_006970,0.5192279313120473
SG_006971,0.8244902066004831
SG_006972,0.658653072176013
SG_006974,0.9090689562650927
SG_006977,0.21776898309632414
SG_006978,0.3779614971827207
SG_006981,0.5746780252213578
SG_006982,0.9141400590287095
SG_006983,0.05
SG_006984,0.24442245774081034
SG_006987,0.5791152401395225
SG_006994,0.4371545478937483
SG_006997,0.1016467668365978
SG_007002,0.5896498524282265
SG_007005,0.5098403541722566
SG_007009,0.4549637778374027
SG_007011,0.3525757982291387
SG_007017,0.11278508183525625
SG_007018,0.07955124765226725
SG_007019,0.18797625436007515
SG_007029,0.6757982291387175
SG_007030,0.2739737053930775
SG_007033,0.4509793399517038
SG_007040,0.3425241481083982
SG_007047,0.7347196136302658
SG_007054,0.12114636436812451
SG_007055,0.8951234236651463
SG_007056,0.6259927555674806
SG_007061,0.5563858331097398
SG_007062,0.15377649584115913
SG_007067,0.6416588408907969
SG_007068,0.21387510061711834
SG_007069,0.8300140863965657
SG_007073,0.10176750737858868
SG_007075,0.44642138449154817
SG_007076,0.5335356855379663
SG_007078,0.803420982023075
SG_007080,0.7419338610142207
SG_007091,0.4645022806546821
SG_007095,0.4737993023879796
SG_007100,0.49097464448618194
SG_007104,0.4383317681781594
SG_007112,0.6890193184867186
SG_007114,0.9112724711564262
SG_007127,0.29407700563455863
SG_007130,0.20735511134961093
SG_007133,0.6391232895089886
SG_007136,0.4742520794204454
SG_007138,0.9229541185940435
SG_007139,0.2777468473302925
SG_007143,0.5177790448081567
SG_007146,0.5342299436544138
SG_007150,0.3195834451301315
SG_007155,0.27252481888918706
SG_007157,0.7166387174671318
SG_007160,0.6787261872819964
SG_007162,0.2765394419103837
SG_007163,0.7785182452374565
SG_007166,0.8727260531258385
SG_007168,0.22975248188891872
SG_007170,0.10650657365173061
SG_007179,0.3417997048564529
SG_007181,0.23859672658975045
SG_007183,0.39552924604239337
SG_007186,0.20620807620069764
SG_007202,0.10961564260799571
SG_007203,0.741571639388248
SG_007204,0.13841226187281996
SG_007205,0.8851321438154012
SG_007210,0.8034511671585726
SG_007212,0.4656795009390931
SG_007215,0.05229407029782667
SG_007218,0.6155788838207675
SG_007226,0.16745036222162596
SG_007229,0.6690669439227261
SG_007231,0.8435370270995439
SG_007234,0.26174872551650125
SG_007237,0.8204453984437887
SG_007239,0.10744231285215992
SG_007240,0.6921585725784815
SG_007249,0.7399114569358733
SG_007252,0.08404883284142742
SG_007255,0.2050610410517843
SG_007256,0.37959149449959756
SG_007257,0.7975952508720151
SG_007263,0.8100918969680708
SG_007264,0.3417695197209552
SG_007265,0.36163133887845456
SG_007268,0.4127347732760934
SG_007271,0.659286960021465
SG_007275,0.5769720955191844
SG_007280,0.4403239871210088
SG_007281,0.8356285215991415
SG_007282,0.310920311242286
SG_007283,0.18894217869600216
SG_007287,0.5372182720686879
SG_007288,0.5070633217064664
SG_007301,0.822769653877113
SG_007307,0.2811577676415348
SG_007310,0.48644687416152405
SG_007312,0.7859437885698954
SG_007314,0.7200194526428764
SG_007319,0.44189361416689027
SG_007326,0.10279380198551114
SG_007331,0.6604943654413737
SG_007333,0.6369499597531527
SG_007334,0.6674973168768447
SG_007338,0.12271599141400591
SG_007340,0.9445666756104105
SG_007345,0.08480346122887042
SG_007349,0.5509525087201503
SG_007356,0.16485444056882212
SG_007358,0.08456198014488865
SG_007368,0.508723504158841
SG_007370,0.45912932653608807
SG_007371,0.4003890528575262
SG_007372,0.35553394150791523
SG_007375,0.11405285752616046
SG_007378,0.6493258653072177
SG_007379,0.19404346659511673
SG_007380,0.6721458277434935
SG_007383,0.39866850013415617
SG_007384,0.7725717735444058
SG_007389,0.41249329219211167
SG_007390,0.29299034075664077
SG_007401,0.8875771397907165
SG_007403,0.6750737858867724
SG_007406,0.42870270995438686
SG_007409,0.8648779178964315
SG_007410,0.8610444056882213
SG_007413,0.659286960021465
SG_007416,0.5199825596994903
SG_007419,0.7511705124765228
SG_007420,0.7546418030587605
SG_007423,0.7811745371612558
SG_007424,0.8962402736785618
SG_007428,0.8847699221894286
SG_007433,0.8172457740810304
SG_007434,0.08924067614703515
SG_007437,0.3489535819694124
SG_007441,0.7589280922994366
SG_007443,0.5859068956265093
SG_007450,0.05525221357660317
SG_007452,0.885041588408908
SG_007455,0.5966528038636975
SG_007462,0.7688891870136839
SG_007464,0.8574221894284949
SG_007466,0.5460323316340221
SG_007469,0.19543198282801183
SG_007470,0.935058357928629
SG_007472,0.16512610678830159
SG_007476,0.5219747786423397
SG_007486,0.7825026831231554
SG_007489,0.6858800643949557
SG_007490,0.20306882210893484
SG_007495,0.9028810034880602
SG_007499,0.8598671854038101
SG_007506,0.2283337805205259
SG_007508,0.16633351220821035
SG_007509,0.14457002951435471
SG_007517,0.6115642607995707
SG_007518,0.8400053662463107
SG_007522,0.8952139790716395
SG_007524,0.4506473034612289
SG_007527,0.1423665146230212
SG_007535,0.26509927555674806
SG_007540,0.4986114837671049
SG_007546,0.6948752347732762
SG_007552,0.3791387174671318
SG_007553,0.8292896431446204
SG_007557,0.6244231285215992
SG_007558,0.803209686074591
SG_007560,0.6606452911188624
SG_007568,0.06608867722028441
SG_007571,0.8512946069224578
SG_007573,0.302860880064395
SG_007577,0.27095519184330563
SG_007578,0.398155352830695
SG_007579,0.052112959484840356
SG_007582,0.5943587335658708
SG_007586,0.19766568285484304
SG_007587,0.674470083176818
SG_007589,0.6969881942581166
SG_007591,0.31475382345049635
SG_007595,0.23609136034343975
SG_007597,0.5993392809229945
SG_007599,0.24762208210356856
SG_007602,0.4631137644217869
SG_007605,0.22009323852964852
SG_007609,0.11921451569627046
SG_007614,0.7685571505232092
SG_007620,0.21330158304266167
SG_007628,0.8655118057418836
SG_007630,0.5706332170646633
SG_007646,0.6172994365441374
SG_007648,0.08293198282801181
SG_007654,0.4529715588945533
SG_007655,0.8029380198551114
SG_007656,0.8874865843842233
SG_007657,0.8186946605849209
SG_007658,0.41910383686611213
SG_007659,0.7109337268580629
SG_007660,0.3298765763348538
SG_007663,0.2191273141937215
SG_007665,0.9194526428763081
SG_007667,0.3942614703514891
SG_007670,0.40633552455057687
SG_007678,0.2922960826401932
SG_007679,0.907740810303193
SG_007681,0.12872283337805207
SG_007685,0.6336899651193991
SG_007686,0.9123893211698418
SG_007687,0.430845854574725
SG_007688,0.13303930775422596
SG_007691,0.4683056077273947
SG_007696,0.30222699221894284
SG_007698,0.49592500670780787
SG_007700,0.6583512208210358
SG_007703,0.14399651193989804
SG_007704,0.17861886235578212
SG_007706,0.8687416152401396
SG_007711,0.35698282801180575
SG_007712,0.7649349342634828
SG_007714,0.23702709954386908
SG_007717,0.25743225114032736
SG_007719,0.5414140059028709
SG_007720,0.25145559431177894
SG_007721,0.3686342903139254
SG_007728,0.6023577944727664
SG_007737,0.9051448886503891
SG_007741,0.27847129058223774
SG_007742,0.21680305876039713
SG_007744,0.4536960021464985
SG_007746,0.7412094177622754
SG_007748,0.17886034343976392
SG_007750,0.3564998658438422
SG_007751,0.13110745908237187
SG_007752,0.15486316071907702
SG_007758,0.6612188086933191
SG_007760,0.3359437885698954
SG_007762,0.7189026026294608
SG_007770,0.35559431177891065
SG_007772,0.539150120740542
SG_007776,0.09554936946605849
SG_007780,0.7213174134692784
SG_007781,0.33464582774349344
SG_007782,0.40283404883284146
SG_007787,0.6996444861819158
SG_007800,0.8470385028172794
SG_007801,0.8201737322243091
SG_007804,0.11544137375905554
SG_007805,0.8429936946605849
SG_007807,0.31390863965656024
SG_007808,0.8991078615508452
SG_007813,0.41225181110812986
SG_007815,0.46863764421786963
SG_007817,0.29993292192111615
SG_007818,0.7470049637778374
SG_007820,0.5337167963509526
SG_007822,0.21001140327341028
SG_007823,0.36329152133082915
SG_007824,0.29217534209820234
SG_007834,0.32359806815132813
SG_007836,0.39842701905017436
SG_007839,0.6155788838207675
SG_007842,0.11390193184867185
SG_007844,0.2926884894016636
SG_007846,0.25006707807888384
SG_007849,0.17886034343976392
SG_007858,0.7795143547088812
SG_007864,0.8576033002414811
SG_007866,0.5059766568285484
SG_007875,0.6066138985779448
SG_007876,0.624996646096056
SG_007880,0.5413536356318754
SG_007884,0.5899517037832037
SG_007889,0.7320331365709687
SG_007892,0.20647974242017708
SG_007897,0.38113093640998125
SG_007898,0.34831969412396024
SG_007899,0.24276227528843575
SG_007901,0.6058290850550042
SG_007908,0.7870606385833111
SG_007910,0.5216427421518648
SG_007922,0.37862557016367054
SG_007923,0.3282767641534746
SG_007926,0.8642742151864772
SG_007931,0.6906795009390931
SG_007933,0.6027803863697344
SG_007939,0.6297658975046955
SG_007940,0.20406493158035954
SG_007946,0.732214247383955
SG_007947,0.8094278239871211
SG_007948,0.5399349342634827
SG_007954,0.10001676951972097
SG_007957,0.16325462838744298
SG_007960,0.8570901529380199
SG_007964,0.2826066541454253
SG_007965,0.5378521599141401
SG_007980,0.8275087201502551
SG_007985,0.5930607727394688
SG_007992,0.16325462838744298
SG_007996,0.6544875234773276
SG_007998,0.4403239871210088
SG_007999,0.29781996243627584
SG_008014,0.46320431982828014
SG_008015,0.21882546283874432
SG_008020,0.4570767373222431
SG_008026,0.5579252750201236
SG_008033,0.5446740005366246
SG_008043,0.10925342098202309
SG_008050,0.32121344244700833
SG_008055,0.3915146230211967
SG_008056,0.8137141132277973
SG_008058,0.6061007512744835
SG_008067,0.38393815401126913
SG_008074,0.7089415079152134
SG_008076,0.7153105715052321
SG_008081,0.5841561577676416
SG_008091,0.3836664877917897
SG_008099,0.587657633485377
SG_008100,0.4308156694392272
SG_008101,0.3921485108666488
SG_008104,0.8524718272068689
SG_008115,0.5667997048564529
SG_008117,0.22610008049369468
SG_008118,0.6071874161524015
SG_008127,0.2810973973705393
SG_008131,0.4236617923262678
SG_008133,0.38137241749396295
SG_008137,0.7604675342098203
SG_008140,0.7618560504427154
SG_008141,0.5941474376173868
SG_008145,0.10231083981754763
SG_008152,0.34708210356855385
SG_008156,0.9327341024953046
SG_008160,0.69747115642608
SG_008164,0.7735980681513281
SG_008167,0.7434431177891067
SG_008175,0.24517708612825329
SG_008176,0.6789072980949826
SG_008183,0.8180607727394689
SG_008188,0.6693084250067078
SG_008191,0.19896364368124497
SG_008192,0.43745639924872554
SG_008193,0.1697746176549504
SG_008195,0.7053192916554871
SG_008202,0.693396163133888
SG_008213,0.5782700563455864
SG_008217,0.8400053662463107
SG_008224,0.3078716125570164
SG_008228,0.489887979608264
SG_008229,0.3507948752347733
SG_008237,0.2291487791789643
SG_008242,0.060112020391735986
SG_008246,0.5839146766836598
SG_008248,0.16856721223504162
SG_008249,0.7876945264287631
SG_008253,0.3908505500402469
SG_008257,0.8014287630802255
SG_008261,0.6678293533673197
SG_008264,0.5788133887845454
SG_008265,0.6856385833109742
SG_008281,0.6563891870136841
SG_008283,0.15045613093640997
SG_008287,0.07891735980681513
SG_008291,0.8695264287630803
SG_008293,0.5875972632143815
SG_008294,0.33096324121277165
SG_008296,0.35275690904212503
SG_008298,0.6504125301851356
SG_008309,0.5368862355782131
SG_008310,0.5920042929970486
SG_008312,0.34708210356855385
SG_008316,0.7493895894821574
SG_008317,0.18251274483498792
SG_008318,0.33935470888113767
SG_008327,0.2940166353635632
SG_008330,0.7965689562650927
SG_008333,0.061289240676147036
SG_008336,0.44774953045344784
SG_008345,0.29929903407566405
SG_008347,0.23865709686074593
SG_008355,0.901190635900188
SG_008358,0.6825295143547089
SG_008359,0.774382881674269
SG_008360,0.3735242822645559
SG_008361,0.22495304534478133
SG_008362,0.7463408907968877
SG_008365,0.42339012610678833
SG_008366,0.8287463107056615
SG_008375,0.4805607727394688
SG_008376,0.4500134156157768
SG_008382,0.09005567480547358
SG_008383,0.645311242286021
SG_008388,0.5997316876844648
SG_008389,0.8212905822377247
SG_008392,0.5305775422591897
SG_008396,0.2823953581969412
SG_008402,0.3384491548162061
SG_008410,0.20572511403273414
SG_008413,0.8879695465521867
SG_008417,0.7262375905554066
SG_008420,0.8000704319828281
SG_008422,0.6362255165012074
SG_008435,0.6685236114837672
SG_008440,0.10611416689026026
SG_008441,0.6223403541722566
SG_008442,0.25607392004293
SG_008443,0.1281493158035954
SG_008444,0.5475114032734103
SG_008449,0.5325093909310438
SG_008452,0.7893848940166354
SG_008457,0.6666823182184063
SG_008459,0.8645760665414544
SG_008462,0.1823014488865039
SG_008467,0.5377012342366515
SG_008468,0.3428561845988731
SG_008478,0.1203615508451838
SG_008482,0.8729373490743226
SG_008484,0.8763784545210626
SG_008485,0.6656560236114838
SG_008494,0.22124027367856186
SG_008497,0.31342567748859673
SG_008498,0.6573249262141133
SG_008500,0.7704286289240676
SG_008501,0.7305540649315804
SG_008504,0.48810705661389864
SG_008506,0.9090085859940973
SG_008512,0.7430507110276363
SG_008514,0.9145626509256775
SG_008517,0.7092735444056882
SG_008522,0.5945096592433594
SG_008527,0.3444258116447545
SG_008529,0.6056479742420178
SG_008531,0.15848537697880333
SG_008534,0.9404313120472231
SG_008535,0.1231687684464717
SG_008536,0.2818218406224846
SG_008538,0.6024785350147572
SG_008541,0.17547960826401932
SG_008542,0.48641668902602625
SG_008545,0.933428360611752
SG_008547,0.6140998121813792
SG_008549,0.6170579554601556
SG_008550,0.1125737858867722
SG_008551,0.7671082640193185
SG_008553,0.528404212503354
SG_008555,0.22081768178159378
SG_008557,0.7236718540381005
SG_008561,0.11695063053394152
SG_008564,0.2695968607459083
SG_008565,0.9157398712100886
SG_008568,0.46208746981486454
SG_008569,0.3014723638314999
SG_008570,0.7803293533673197
SG_008572,0.5763985779447277
SG_008574,0.8205963241212773
SG_008575,0.33672860209283606
SG_008576,0.06986181915749934
SG_008577,0.7748658438422324
SG_008580,0.5075764690099276
SG_008586,0.45701636705124765
SG_008594,0.7148577944727663
SG_008598,0.28055406493158036
SG_008600,0.6771867453716127
SG_008614,0.5390595653340489
SG_008615,0.908284142742152
SG_008617,0.4754292997048565
SG_008624,0.4961966729272874
SG_008630,0.8603803327072713
SG_008635,0.3053662463107057
SG_008636,0.14227595921652803
SG_008639,0.7746243627582506
SG_008645,0.21936879527770325
SG_008646,0.5386973437080762
SG_008650,0.7709719613630267
SG_008653,0.8161892943386103
SG_008669,0.5869935605044272
SG_008671,0.6328749664609606
SG_008689,0.731248323048028
SG_008691,0.6445264287630803
SG_008693,0.8672323584652537
SG_008708,0.4258049369466058
SG_008714,0.6995539307754226
SG_008726,0.24517708612825329
SG_008727,0.9290515159645828
SG_008729,0.18701033002414813
SG_008734,0.783951569627046
SG_008735,0.28529313120472233
SG_008737,0.8657231016903677
SG_008739,0.11145693587335659
SG_008745,0.8612557016367052
SG_008749,0.22108934800107327
SG_008755,0.3422524818889187
SG_008759,0.218644352025758
SG_008766,0.1633149986584384
SG_008769,0.4555071102763617
SG_008770,0.28028239871210087
SG_008771,0.12730413200965926
SG_008773,0.8262409444593508
SG_008774,0.5537899114569359
SG_008776,0.4153910651998927
SG_008777,0.782231016903676
SG_008780,0.8906560236114839
SG_008782,0.6674067614703516
SG_008784,0.3772672390662732
SG_008785,0.6703347196136303
SG_008787,0.4124631070566139
SG_008789,0.7253018513549773
SG_008793,0.5005131473034613
SG_008798,0.4659209820230749
SG_008810,0.6301583042661659
SG_008816,0.839129997316877
SG_008823,0.8635195867990341
SG_008824,0.5397840085859941
SG_008825,0.7802689830963243
SG_008828,0.6847933995170379
SG_008836,0.4516132277971559
SG_008839,0.1383217064663268
SG_008840,0.4972229675342098
SG_008841,0.23114099812181382
SG_008843,0.6205896163133888
SG_008844,0.7665045613093642
SG_008845,0.8455292460423934
SG_008849,0.44310101958679904
SG_008850,0.4274953045344781
SG_008853,0.453213039978535
SG_008855,0.24418097665682853
SG_008859,0.5981620606385835
SG_008862,0.6200764690099276
SG_008864,0.2528139254091763
SG_008865,0.13524282264555942
SG_008866,0.12159914140059029
SG_008867,0.9271800375637242
SG_008869,0.8935839817547625
SG_008876,0.8772538234504964
SG_008881,0.5628756372417495
SG_008883,0.536584384223236
SG_008888,0.06648108398175477
SG_008889,0.9159209820230749
SG_008895,0.7965689562650927
SG_008897,0.59767909847062
SG_008901,0.308022538234505
SG_008905,0.1270626509256775
SG_008907,0.20998121813791254
SG_008908,0.09503622216259727
SG_008910,0.4290045613093641
SG_008913,0.7439260799570702
SG_008914,0.16865776764153476
SG_008917,0.42206198014488866
SG_008919,0.25866984169573387
SG_008920,0.9383485376978804
SG_008925,0.6723571236919775
SG_008926,0.7160953850281728
SG_008927,0.44448953581969414
SG_008930,0.5572612020391737
SG_008932,0.2548966997585189
SG_008934,0.9055372954118596
SG_008937,0.11649785350147573
SG_008940,0.529581432787765
SG_008943,0.20201234236651466
SG_008947,0.15272001609873895
SG_008955,0.813533002414811
SG_008960,0.8813590018781863
SG_008962,0.10825731151059834
SG_008964,0.5214616313388785
SG_008965,0.13937818620874698
SG_008966,0.2524517037832037
SG_008971,0.14786020928360613
SG_008972,0.30424939629729003
SG_008976,0.6614602897773009
SG_008978,0.08314327877649585
SG_008983,0.4209149449959753
SG_008989,0.9256405956533406
SG_008990,0.3609672658975047
SG_008994,0.781898980413201
SG_008996,0.6327844110544675
SG_008998,0.2899416420713711
SG_008999,0.09488529648510867
SG_009001,0.7242151864770593
SG_009005,0.40530922994365437
SG_009006,0.25863965656023613
SG_009011,0.4838509525087202
SG_009017,0.41255366246310704
SG_009018,0.556687684464717
SG_009032,0.2180104641803059
SG_009034,0.18477662999731692
SG_009043,0.940974644486182
SG_009047,0.20611752079420448
SG_009048,0.12120673463911995
SG_009053,0.3041588408907969
SG_009055,0.20107660316608533
SG_009058,0.2791353635631876
SG_009063,0.8347531526697077
SG_009064,0.9101254360075128
SG_009065,0.7352629460692246
SG_009069,0.6426851354977194
SG_009070,0.5592232358465254
SG_009072,0.5831902334317146
SG_009075,0.30548698685269654
SG_009079,0.14713576603166087
SG_009080,0.8282935336731957
SG_009081,0.398366648779179
SG_009083,0.18987791789643144
SG_009085,0.4058827475181111
SG_009091,0.5797189428494769
SG_009093,0.4988831499865844
SG_009100,0.05893480010732493
SG_009109,0.6294036758787229
SG_009115,0.43944861819157505
SG_009119,0.5753722833378052
SG_009120,0.8102126375100618
SG_009123,0.6265964582774349
SG_009124,0.28556479742420177
SG_009127,0.09135363563187551
SG_009128,0.15585927019050175
SG_009135,0.6547591896968072
SG_009136,0.7038100348806011
SG_009139,0.26724242017708616
SG_009146,0.9285685537966193
SG_009147,0.7098772471156427
SG_009149,0.2343708076200698
SG_009150,0.7869097129058226
SG_009152,0.8691943922726054
SG_009153,0.2721625972632144
SG_009159,0.6024181647437618
SG_009168,0.5973772471156428
SG_009169,0.8496947947410788
SG_009170,0.6273209015293802
SG_009172,0.1900892138449155
SG_009176,0.41370069761202044
SG_009179,0.4521867453716126
SG_009183,0.5404782667024417
SG_009193,0.5486886235578213
SG_009196,0.873752347732761
SG_009199,0.3702039173598068
SG_009202,0.5581063858331098
SG_009203,0.26271464985242826
SG_009204,0.15764019318486722
SG_009206,0.166695733834183
SG_009207,0.8074356050442716
SG_009209,0.2707740810303193
SG_009210,0.5833713442447009
SG_009214,0.845680171719882
SG_009220,0.47838744298363295
SG_009223,0.2558022538234505
SG_009224,0.7660819694123961
SG_009225,0.23174470083176818
SG_009226,0.911302656291924
SG_009229,0.5551784276898309
SG_009230,0.8923765763348538
SG_009236,0.8511738663804669
SG_009242,0.3546283874429837
SG_009246,0.7586564260799571
SG_009250,0.5676448886503891
SG_009253,0.7563623557821304
SG_009266,0.9127213576603167
SG_009268,0.4598235846525356
SG_009272,0.8992587872283339
SG_009273,0.14490206600482963
SG_009274,0.6591662194794741
SG_009277,0.7517742151864771
SG_009278,0.6850952508720151
SG_009279,0.1614133351220821
SG_009280,0.3592768983096324
SG_009281,0.2276697075395761
SG_009289,0.8662966192648244
SG_009290,0.8249127984974511
SG_009299,0.2319258116447545
SG_009300,0.48644687416152405
SG_009305,0.0696505232090153
SG_009307,0.6704856452911189
SG_009319,0.1362993023879796
SG_009328,0.17937349074322512
SG_009333,0.3485913603434398
SG_009335,0.348349879259458
SG_009341,0.6452810571505233
SG_009347,0.5993996511939899
SG_009354,0.6883854306412666
SG_009355,0.9082237724711565
SG_009357,0.36564596189965126
SG_009362,0.7058928092299437
SG_009363,0.8891769519720957
SG_009365,0.24804467400053665
SG_009366,0.8745975315266973
SG_009367,0.500754628387443
SG_009370,0.5499262141132278
SG_009386,0.29205460155621144
SG_009392,0.15124094445935068
SG_009398,0.36000134156157765
SG_009400,0.41801717198819427
SG_009402,0.6621847330292461
SG_009403,0.3037362489938288
SG_009404,0.3606955996780252
SG_009406,0.4697544942312852
SG_009407,0.6270794204453985
SG_009408,0.0556144352025758
SG_009409,0.09956399248725517
SG_009410,0.8653005097933997
SG_009411,0.4372752884357392
SG_009412,0.5181110812986316
SG_009413,0.513885162328951
SG_009415,0.27469814864502284
SG_009417,0.5785417225650658
SG_009419,0.4051884894016636
SG_009425,0.8633686611215455
SG_009426,0.8020626509256775
SG_009427,0.46555876039710226
SG_009429,0.07088811376442179
SG_009434,0.6809598873088276
SG_009438,0.27011000804936947
SG_009441,0.4290649315803595
SG_009442,0.2468976388516233
SG_009444,0.8351455594311779
SG_009445,0.8074054199087738
SG_009446,0.4364301046418031
SG_009447,0.21964046149718275
SG_009449,0.3827005634558626
SG_009455,0.1885799570700295
SG_009458,0.6252984974510332
SG_009461,0.9424537161255703
SG_009462,0.9158002414810842
SG_009466,0.3441239602897773
SG_009473,0.31058827475181106
SG_009478,0.728773141937215
SG_009479,0.3194627045881406
SG_009481,0.44832304802790446
SG_009485,0.24261134961094716
SG_009490,0.7198987121008855
SG_009496,0.11930507110276363
SG_009500,0.40458478669170916
SG_009502,0.938288167426885
SG_009504,0.6189294338610143
SG_009505,0.3648309632412128
SG_009516,0.4310269653877113
SG_009518,0.5841863429031393
SG_009519,0.8812382613361955
SG_009528,0.27143815401126914
SG_009529,0.44237657633485383
SG_009530,0.13041320096592435
SG_009533,0.5871143010464182
SG_009537,0.14822243090957876
SG_009539,0.21245639924872556
SG_009540,0.1631037027099544
SG_009541,0.662426214113228
SG_009544,0.2352159914140059
SG_009556,0.5168131204722297
SG_009558,0.5137342366514623
SG_009566,0.213482693855648
SG_009567,0.6023577944727664
SG_009569,0.1217802522135766
SG_009573,0.6137074054199089
SG_009577,0.18329755835792866
SG_009581,0.3075395760665415
SG_009582,0.50238462570432
SG_009584,0.3165045613093641
SG_009585,0.49921518647705937
SG_009589,0.634233297558358
SG_009592,0.15582908505500404
SG_009593,0.5514958411591093
SG_009602,0.1733968339146767
SG_009614,0.3628085591628656
SG_009616,0.870733834182989
SG_009618,0.9486718540381004
SG_009619,0.2589415079152133
SG_009620,0.35164005902870943
SG_009622,0.14058559162865578
SG_009630,0.9145022806546821
SG_009632,0.25033874429836334
SG_009639,0.29682385296485114
SG_009649,0.7402434934263483
SG_009651,0.38387778374027365
SG_009661,0.5540615776764154
SG_009670,0.14758854306412666
SG_009671,0.6454923530990073
SG_009679,0.740062382613362
SG_009681,0.5181412664341294
SG_009683,0.22075731151059835
SG_009687,0.8900221357660317
SG_009690,0.40841829889991954
SG_009691,0.8801817815937752
SG_009694,0.49773611483767105
SG_009696,0.9246143010464181
SG_009701,0.7428394150791523
SG_009702,0.41693050711027635
SG_009707,0.49233297558357936
SG_009716,0.1561007512744835
SG_009718,0.5794472766299974
SG_009727,0.4541185940434666
SG_009736,0.47914207137107595
SG_009741,0.40328682586530723
SG_009744,0.6505936409981219
SG_009746,0.5217031124228603
SG_009747,0.7296485108666488
SG_009751,0.24895022806546824
SG_009754,0.8056546820499062
SG_009757,0.23114099812181382
SG_009759,0.7721793667829354
SG_009760,0.5364938288167427
SG_009762,0.1008619533136571
SG_009763,0.3667024416420714
SG_009766,0.5044975851891602
SG_009776,0.6166051784276899
SG_009778,0.8385564797424203
SG_009780,0.9060504427153208
SG_009782,0.8201133619533137
SG_009783,0.1529614971827207
SG_009785,0.474403005097934
SG_009786,0.8765897504695467
SG_009791,0.3678494767909847
SG_009794,0.1915079152133083
SG_009795,0.7330594311778912
SG_009799,0.5479339951703783
SG_009800,0.8952139790716395
SG_009814,0.7321840622484572
SG_009819,0.2706231553528307
SG_009824,0.26446538771129596
SG_009825,0.76179568017172
SG_009829,0.8459216528038639
SG_009834,0.5945700295143548
SG_009837,0.8614066273141938
SG_009838,0.5355882747518111
SG_009843,0.4044338610142206
SG_009845,0.3754863160719077
SG_009851,0.7683458545747252
SG_009855,0.8598671854038101
SG_009856,0.9305607727394688
SG_009862,0.18586329487523479
SG_009865,0.1732459082371881
SG_009867,0.6720854574724981
SG_009868,0.5507412127716663
SG_009869,0.4328682586530722
SG_009870,0.7449221894284948
SG_009875,0.11200026831231555
SG_009876,0.5982828011805743
SG_009877,0.649174939629729
SG_009878,0.8252448349879261
SG_009880,0.7577508720150254
SG_009881,0.3153273410249531
SG_009895,0.8739334585457473
SG_009905,0.478055406493158
SG_009909,0.2641031660853233
SG_009914,0.5628454521062517
SG_009916,0.6470619801448887
SG_009921,0.10581231553528309
SG_009923,0.7763751006171185
SG_009926,0.7002180037563724
SG_009929,0.8904749127984976
SG_009932,0.6386101422055273
SG_009933,0.4574691440837135
SG_009935,0.08543734907432252
SG_009936,0.3885262946069225
SG_009937,0.27234370807620073
SG_009941,0.32749195063053393
SG_009942,0.4087503353903944
SG_009953,0.6597095519184332
SG_009956,0.30895827743493426
SG_009959,0.33703045344781324
SG_009964,0.43965991414005906
SG_009972,0.8612557016367052
SG_009977,0.5221558894553261
SG_009979,0.8111483767104911
SG_009982,0.24656560236114838
SG_009985,0.7254527770324658
SG_009987,0.07897773007781057
SG_009989,0.7596223504158842
SG_009993,0.1577911188623558
SG_009997,0.796961363026563
SG_009999,0.5685806278508184
SG_010002,0.8423296216796352
SG_010007,0.9096122887040516
SG_010008,0.3279145425275021
SG_010009,0.20186141668902602
SG_010010,0.5882009659243359
SG_010011,0.5631774885967267
SG_010012,0.2645559431177891
SG_010014,0.4562919237993024
SG_010015,0.7746545478937484
SG_010019,0.4531526697075396
SG_010020,0.20973973705393079
SG_010021,0.16168500134156158
SG_010024,0.44433861014220555
SG_010025,0.5382143815401128
SG_010034,0.2612657633485377
SG_010037,0.1772605312583848
SG_010038,0.30005366246310705
SG_010042,0.7962972900456132
SG_010045,0.34997987657633484
SG_010047,0.5089046149718273
SG_010048,0.7360779447276631
SG_010050,0.6468808693319025
SG_010052,0.46000469546552186
SG_010058,0.47075060370271
SG_010061,0.7412094177622754
SG_010068,0.4775724443251945
SG_010069,0.274034075664073
SG_010074,0.3430372954118594
SG_010078,0.39673665146230214
SG_010081,0.18918365977998391
SG_010084,0.39818553796619266
SG_010085,0.4223034612288704
SG_010086,0.909129326536088
SG_010088,0.667255835792863
SG_010091,0.18613496109471422
SG_010092,0.8477931312047223
SG_010099,0.79448618191575
SG_010101,0.2822746176549504
SG_010103,0.34889321169841697
SG_010104,0.732636839280923
SG_010106,0.8683793936141668
SG_010109,0.13605782130399785
SG_010115,0.15320297826670243
SG_010116,0.7697645559431179
SG_010117,0.7712738127180039
SG_010123,0.9497283337805206
SG_010130,0.1488865038905286
SG_010132,0.073876442178696
SG_010134,0.6522538234504965
SG_010142,0.8995304534478133
SG_010144,0.13732559699490207
SG_010146,0.3382076737322243
SG_010151,0.1300509793399517
SG_010153,0.9060504427153208
SG_010155,0.727686477059297
SG_010157,0.6565702978266703
SG_010165,0.07278977730077811
SG_010166,0.635742554333244
SG_010169,0.20216326804400325
SG_010170,0.5109270190501745
SG_010172,0.3202475181110813
SG_010173,0.6511067883015832
SG_010174,0.5198014488865039
SG_010175,0.49806815132814597
SG_010176,0.7651764153474646
SG_010182,0.15585927019050175
SG_010183,0.33558156694392277
SG_010184,0.5519788033270728
SG_010187,0.5866615240139523
SG_010195,0.21414676683659778
SG_010198,0.552914542527502
SG_010199,0.40884089079688757
SG_010200,0.13820096592433595
SG_010204,0.775228065468205
SG_010206,0.5500469546552188
SG_010208,0.5180507110276361
SG_010209,0.16461295948484034
SG_010210,0.6174805473571238
SG_010213,0.39338610142205527
SG_010217,0.5575932385296486
SG_010226,0.8495136839280922
SG_010227,0.4818587335658707
SG_010234,0.1669975851891602
SG_010235,0.16002481888918701
SG_010238,0.8854339951703784
SG_010241,0.38197612020391736
SG_010242,0.12313858331097399
SG_010243,0.12184062248457204
SG_010246,0.8219546552186746
SG_010252,0.9311041051784278
SG_010253,0.8056848671854039
SG_010256,0.4140025489669976
SG_010257,0.32420177086128255
SG_010258,0.20315937751542795
SG_010259,0.9435101958679905
SG_010261,0.4920613093640998
SG_010263,0.4083881137644218
SG_010265,0.16512610678830159
SG_010267,0.21004158840890802
SG_010271,0.8334551918433056
SG_010273,0.550982693855648
SG_010274,0.33144620338073516
SG_010277,0.7489066273141938
SG_010284,0.1297189428494768
SG_010286,0.2682687147840086
SG_010287,0.9256104105178429
SG_010288,0.316081969412396
SG_010293,0.30298162060638584
SG_010294,0.7146464985242823
SG_010298,0.4312986316071908
SG_010306,0.7250905554064933
SG_010313,0.3572243090957875
SG_010315,0.845468875771398
SG_010316,0.6077609337268581
SG_010319,0.15522538234504965
SG_010320,0.8931915749932923
SG_010322,0.5401462302119667
SG_010323,0.8195700295143548
SG_010326,0.1961564260799571
SG_010328,0.5898309632412129
SG_010329,0.8361416689026028
SG_010330,0.7560605044271532
SG_010332,0.25097263214381543
SG_010336,0.8670814327877651
SG_010344,0.7291353635631876
SG_010347,0.8363529648510868
SG_010350,0.5489904749127985
SG_010352,0.9164039441910385
SG_010354,0.7972933995170379
SG_010358,0.6888382076737324
SG_010371,0.4213375368929434
SG_010373,0.5966226187281998
SG_010379,0.22936007512744838
SG_010386,0.5065803595385029
SG_010393,0.14152133082908508
SG_010394,0.6115944459350685
SG_010399,0.9407029782667026
SG_010401,0.5350147571773545
SG_010404,0.12947746176549504
SG_010406,0.5881707807888383
SG_010407,0.3651931848671854
SG_010409,0.9370203917359807
SG_010412,0.47971558894553257
SG_010418,0.13149986584384224
SG_010420,0.14653206332170648
SG_010424,0.9232559699490207
SG_010425,0.5212503353903946
SG_010428,0.8842567748859674
SG_010430,0.814830963241213
SG_010431,0.8118728199624364
SG_010435,0.47696874161524017
SG_010442,0.939465387711296
SG_010455,0.4981285215991414
SG_010459,0.5634491548162062
SG_010460,0.7854910115374296
SG_010461,0.6291320096592434
SG_010462,0.45375637241749395
SG_010465,0.10517842768983096
SG_010467,0.5279212503353904
SG_010469,0.7576905017440301
SG_010470,0.8157365173061445
SG_010472,0.09123289508988464
SG_010475,0.8565770056345586
SG_010477,0.8958780520525893
SG_010481,0.8841058492084788
SG_010482,0.5278306949288973
SG_010483,0.5015696270458815
SG_010485,0.7316407298094983
SG_010486,0.22851489133351222
SG_010487,0.8067413469278241
SG_010490,0.45110008049369466
SG_010492,0.3870170378320365
SG_010493,0.6883552455057688
SG_010495,0.16068889187013685
SG_010498,0.4094445935068419
SG_010499,0.12066340220016099
SG_010501,0.7488160719077006
SG_010503,0.1631037027099544
SG_010505,0.25097263214381543
SG_010506,0.11236248993828817
SG_010507,0.1497316876844647
SG_010509,0.6589549235309902
SG_010510,0.3725583579286289
SG_010515,0.9300174403005099
SG_010517,0.8028172793131206
SG_010518,0.7621277166621949
SG_010531,0.7156124228602093
SG_010546,0.8859773276093373
SG_010547,0.4183492084786692
SG_010550,0.742960155621143
SG_010552,0.36178226455594314
SG_010553,0.3063321706466327
SG_010555,0.6379460692245774
SG_010561,0.219610276361685
SG_010562,0.18833847598604775
SG_010563,0.6922189428494768
SG_010569,0.5322075395760666
SG_010571,0.406214784008586
SG_010577,0.15151261067883015
SG_010578,0.1716762811913067
SG_010579,0.6151864770592972
SG_010582,0.3313254628387443
SG_010585,0.8818117789106521
SG_010586,0.913113764421787
SG_010588,0.3392641534746445
SG_010589,0.20252548966997586
SG_010590,0.6866648779178965
SG_010592,0.8819023343171453
SG_010594,0.23530654682049906
SG_010598,0.8903239871210089
SG_010600,0.22990340756640731
SG_010607,0.27004963777837404
SG_010611,0.8514153474644487
SG_010615,0.7788502817279314
SG_010616,0.7500536624631071
SG_010619,0.5437080762006976
SG_010627,0.48979742420177086
SG_010634,0.16068889187013685
SG_010635,0.10825731151059834
SG_010636,0.4054299704856453
SG_010649,0.7556379125301852
SG_010651,0.3116447544942313
SG_010653,0.6590152938019855
SG_010655,0.242732090152938
SG_010659,0.17397035148913337
SG_010662,0.9174604239334586
SG_010664,0.8759860477595923
SG_010666,0.10095250872015027
SG_010668,0.4649248725516501
SG_010670,0.649174939629729
SG_010673,0.8935839817547625
SG_010674,0.2603602092836061
SG_010679,0.7653273410249531
SG_010684,0.8238563187550308
SG_010685,0.2550174403005098
SG_010690,0.08281124228602094
SG_010696,0.3401998926750738
SG_010700,0.6642373222430911
SG_010707,0.3823685269653877
SG_010708,0.24412060638583316
SG_010713,0.07188422323584653
SG_010717,0.411165146230212
SG_010718,0.31840622484572045
SG_010721,0.7802086128253287
SG_010722,0.3148443788569895
SG_010726,0.9251878186208747
SG_010729,0.23114099812181382
SG_010733,0.4670076469009928
SG_010734,0.7730245505768716
SG_010737,0.40902200160987395
SG_010739,0.3100449423128522
SG_010745,0.6863932116984172
SG_010752,0.41560236114837673
SG_010753,0.8181815132814597
SG_010757,0.3194023343171452
SG_010760,0.529792728736249
SG_010763,0.31578011805741885
SG_010769,0.7410584920847868
SG_010772,0.8511436812449692
SG_010773,0.1599644486181916
SG_010774,0.5948416957338343
SG_010781,0.19422457740810306
SG_010784,0.07294070297826671
SG_010789,0.188851623289509
SG_010791,0.7096659511671587
SG_010795,0.8808156694392274
SG_010796,0.5170847866917092
SG_010798,0.3428561845988731
SG_010801,0.4765763348537698
SG_010803,0.863761067883016
SG_010808,0.35170042929970485
SG_010809,0.22362489938288171
SG_010810,0.8537094177622753
SG_010814,0.7579017976925141
SG_010816,0.06282868258653072
SG_010818,0.17529849745103304
SG_010824,0.8134726321438155
SG_010828,0.9378655755299169
SG_010830,0.9096122887040516
SG_010831,0.4059129326536088
SG_010837,0.6652938019855112
SG_010843,0.5356184598873089
SG_010844,0.9187885698953582
SG_010845,0.22549637778374026
SG_010846,0.2942279313120473
SG_010847,0.6901663536356321
SG_010853,0.15558760397102228
SG_010857,0.06593775154279582
SG_010860,0.4269821572310169
SG_010863,0.39661591092031123
SG_010865,0.398155352830695
SG_010870,0.8731788301583043
SG_010871,0.5221558894553261
SG_010872,0.23071840622484574
SG_010876,0.9447176012878992
SG_010881,0.34445599678025224
SG_010882,0.5443117789106521
SG_010884,0.8029682049906092
SG_010887,0.40781459618996513
SG_010888,0.6935169036758788
SG_010889,0.7263583310973973
SG_010894,0.4677019050174403
SG_010896,0.7552455057687149
SG_010898,0.3954386906359002
SG_010902,0.4526395224040784
SG_010904,0.5785719077005635
SG_010907,0.7944559967802524
SG_010911,0.08589012610678831
SG_010922,0.8286255701636706
SG_010930,0.08748993828816742
SG_010946,0.765780118057419
SG_010951,0.1383217064663268
SG_010956,0.8350851891601826
SG_010960,0.9159813522940704
SG_010961,0.5741950630533942
SG_010962,0.3653742956801717
SG_010969,0.21861416689026025
SG_010971,0.09473437080762007
SG_010973,0.7824121277166624
SG_010974,0.21248658438422324
SG_010977,0.1253420982023075
SG_010982,0.14961094714247386
SG_010985,0.3130936409981218
SG_010986,0.31765159645827745
SG_010987,0.7472766299973169
SG_010993,0.20421585725784813
SG_010995,0.06150053662463108
SG_010998,0.9244633753689295
SG_011003,0.17306479742420178
SG_011010,0.10717064663268044
SG_011012,0.4565635900187819
SG_011016,0.29048497451033006
SG_011017,0.31390863965656024
SG_011025,0.24994633753689294
SG_011031,0.7395190501744032
SG_011050,0.20566474376173866
SG_011052,0.56260397102227
SG_011053,0.5238462570431983
SG_011055,0.3674570700295144
SG_011057,0.7684967802522137
SG_011060,0.13246579017976925
SG_011073,0.5396028977730079
SG_011075,0.6664710222699223
SG_011077,0.25272337000268313
SG_011088,0.13964985242822647
SG_011089,0.4900389052857526
SG_011097,0.28417628119130667
SG_011107,0.3953783203649048
SG_011110,0.40648645022806545
SG_011117,0.5160584920847867
SG_011120,0.8035417225650658
SG_011132,0.3629292997048565
SG_011133,0.16808425006707808
SG_011139,0.9461061175207942
SG_011143,0.8123255969949021
SG_011144,0.38197612020391736
SG_011147,0.7256640729809499
SG_011148,0.43633954923530993
SG_011151,0.054618325731151066
SG_011152,0.9171585725784814
SG_011154,0.6312147840085861
SG_011158,0.5257781057150523
SG_011159,0.7847665682854843
SG_011160,0.8201737322243091
SG_011161,0.5787228333780521
SG_011162,0.25655688221089346
SG_011164,0.3656761470351489
SG_011169,0.286832573115106
SG_011170,0.1998993828816743
SG_011175,0.46302320901529376
SG_011176,0.7322746176549505
SG_011177,0.4668869063590018
SG_011182,0.5553897236383151
SG_011184,0.5367353099007245
SG_011186,0.30394754494231285
SG_011190,0.15057687147840088
SG_011192,0.7439260799570702
SG_011199,0.15978333780520526
SG_011200,0.2598772471156426
SG_011201,0.27687147840085863
SG_011203,0.17569090421250338
SG_011208,0.9500000000000001
SG_011212,0.267363160719077
SG_011214,0.42082438958948215
SG_011221,0.8915615776764154
SG_011222,0.7921921116179234
SG_011224,0.24007579822913871
SG_011226,0.8473403541722566
SG_011235,0.6593775154279582
SG_011239,0.5157868258653072
SG_011250,0.2180104641803059
SG_011257,0.5466964046149719
SG_011259,0.5537597263214382
SG_011261,0.35145894821572315
SG_011262,0.8052622752884359
SG_011266,0.6262946069224578
SG_011274,0.18136570968607463
SG_011275,0.2013784545210625
SG_011279,0.11003823450496378
SG_011280,0.4517943386101422
SG_011285,0.12742487255165014
SG_011291,0.460849879259458
SG_011294,0.41708143278776494
SG_011298,0.43959954386906364
SG_011303,0.499577408103032
SG_011304,0.19845049637778378
SG_011306,0.1924738395492353
SG_011307,0.5269251408639657
SG_011308,0.8891769519720957
SG_011309,0.5211597799839013
SG_011310,0.3809196404614972
SG_011312,0.9246143010464181
SG_011313,0.9479172256506574
SG_011327,0.19298698685269655
SG_011333,0.5806546820499062
SG_011335,0.7414810839817548
SG_011337,0.31647437617386637
SG_011340,0.1421854038100349
SG_011343,0.25694928897236385
SG_011345,0.25133485376978804
SG_011347,0.33032935336731956
SG_011350,0.2315937751542796
SG_011357,0.7074926214113227
SG_011360,0.3568017171988194
SG_011361,0.7657197477864234
SG_011367,0.13041320096592435
SG_011371,0.2489200429299705
SG_011376,0.5168433056077274
SG_011377,0.8947008317681783
SG_011380,0.29941977461765495
SG_011381,0.2546854038100349
SG_011383,0.220153608800644
SG_011398,0.7685571505232092
SG_011401,0.5862087469814865
SG_011413,0.6749228602092837
SG_011416,0.3152367856184599
SG_011420,0.7000670780788838
SG_011429,0.7678025221357662
SG_011432,0.23038636973437082
SG_011437,0.3272202844110545
SG_011443,0.3324423128521599
SG_011447,0.8098202307485914
SG_011450,0.3052455057687148
SG_011457,0.48303595385028175
SG_011458,0.4705393077542259
SG_011460,0.18094311778910654
SG_011464,0.1927153206332171
SG_011468,0.4519452642876308
SG_011469,0.7112355782130401
SG_011473,0.8672927287362491
SG_011475,0.8197511403273411
SG_011479,0.8193285484303731
SG_011482,0.9262141132277973
SG_011483,0.8803628924067616
SG_011492,0.46263080225382347
SG_011493,0.6170579554601556
SG_011497,0.19232291387174671
SG_011503,0.4675509793399517
SG_011504,0.620257579822914
SG_011505,0.6995841159109204
SG_011512,0.6208612825328684
SG_011519,0.5419573383418299
SG_011526,0.5189260799570701
SG_011527,0.3996646096055809
SG_011528,0.40026831231553534
SG_011532,0.24535819694123961
SG_011541,0.4071505232090153
SG_011544,0.284146096055809
SG_011547,0.9256707807888384
SG_011548,0.7740206600482963
SG_011552,0.6698819425811645
SG_011566,0.5301851354977194
SG_011567,0.841273141937215
SG_011569,0.9042091494499599
SG_011575,0.355775422591897
SG_011576,0.8061678293533674
SG_011577,0.20029178964314465
SG_011581,0.3979440568822109
SG_011584,0.8407901797692515
SG_011586,0.7838006439495574
SG_011593,0.6631506573651731
SG_011597,0.4021699758518916
SG_011598,0.9142004292997049
SG_011602,0.7539777300778105
SG_011605,0.7351723906627315
SG_011607,0.10744231285215992
SG_011612,0.9285383686611217
SG_011616,0.31209753152669706
SG_011617,0.38396833914676687
SG_011620,0.8664173598068152
SG_011622,0.44234639119935604
SG_011625,0.5196505232090154
SG_011626,0.4635061711832573
SG_011627,0.8949724979876578
SG_011632,0.850419237993024
SG_011633,0.5412328950898847
SG_011635,0.8717601287899116
SG_011638,0.7382814596189965
SG_011640,0.7925543332438959
SG_011645,0.3715018781862087
SG_011649,0.8496646096055809
SG_011656,0.47364837671049104
SG_011662,0.2060269653877113
SG_011663,0.5804132009659244
SG_011666,0.2884625704319828
SG_011672,0.2548966997585189
SG_011673,0.5694258116447546
SG_011676,0.8350851891601826
SG_011678,0.6719043466595118
SG_011682,0.441380466863429
SG_011683,0.16557888382076738
SG_011684,0.17409109203112424
SG_011691,0.6967467131741347
SG_011694,0.15715723101690368
SG_011695,0.4204319828280118
SG_011697,0.26440501744030054
SG_011699,0.26642742151864773
SG_011701,0.5437080762006976
SG_011704,0.8914710222699223
SG_011705,0.4681244969144084
SG_011708,0.3825798229138717
SG_011714,0.9123893211698418
SG_011715,0.47020727126375095
SG_011720,0.4371243627582506
SG_011721,0.08163402200160988
SG_011727,0.22724711564260802
SG_011728,0.5967735444056883
SG_011729,0.23171451569627044
SG_011731,0.1811845988730883
SG_011736,0.5773645022806547
SG_011737,0.21846324121277166
SG_011747,0.48074188355245506
SG_011749,0.7083679903407567
SG_011750,0.5881707807888383
SG_011752,0.47718003756372424
SG_011757,0.9226522672390663
SG_011764,0.49275556748054733
SG_011767,0.12030118057418837
SG_011769,0.9057787764958413
SG_011770,0.7665045613093642
SG_011772,0.852019050174403
SG_011773,0.5459719613630266
SG_011777,0.3019855111349611
SG_011779,0.16443184867185406
SG_011780,0.7386134961094715
SG_011786,0.8114804132009659
SG_011787,0.8324892675073787
SG_011789,0.0746612557016367
SG_011796,0.10092232358465253
SG_011799,0.325439361416689
SG_011801,0.39338610142205527
SG_011802,0.9076200697612021
SG_011806,0.05600684196404615
SG_011812,0.6131338878454522
SG_011814,0.7268412932653611
SG_011815,0.876559565334049
SG_011816,0.9176717198819426
SG_011830,0.7232794472766301
SG_011833,0.3179232626777569
SG_011843,0.7335122082103569
SG_011853,0.9030319291655489
SG_011855,0.8108465253555139
SG_011858,0.4848168768446472
SG_011861,0.13047357123691977
SG_011863,0.7083981754762544
SG_011864,0.7518044003219748
SG_011868,0.7464616313388786
SG_011869,0.46924134692782404
SG_011871,0.8417561041051785
SG_011886,0.34173933458545747
SG_011889,0.2877683123155353
SG_011890,0.6454319828280118
SG_011894,0.38122149181647436
SG_011896,0.10590287094177622
SG_011898,0.4389656560236115
SG_011900,0.5878387442983634
SG_011918,0.8840152938019856
SG_011922,0.3788066809766568
SG_011925,0.48783539039441914
SG_011926,0.7373457204185673
SG_011927,0.5058861014220553
SG_011931,0.34611617923262683
SG_011933,0.26941574993292194
SG_011936,0.05775757982291387
SG_011939,0.2443922726053126
SG_011940,0.24276227528843575
SG_011953,0.5253555138180842
SG_011955,0.8015193184867185
SG_011956,0.40808626240944457
SG_011959,0.2756037027099544
SG_011961,0.7630030855916287
SG_011962,0.8756540112691173
SG_011966,0.9384692782398713
SG_011969,0.42957807888382077
SG_011971,0.23195599678025225
SG_011977,0.33847933995170376
SG_011978,0.15785148913335123
SG_011983,0.28043332438958946
SG_011986,0.6407532868258654
SG_011988,0.3990307217601288
SG_011993,0.7934900724443252
SG_011995,0.6373121813791254
SG_011996,0.14692447008317683
SG_011997,0.48366984169573385
SG_012000,0.4990038905285753
SG_012013,0.5198316340220016
SG_012018,0.3570431982828012
SG_012019,0.6039576066541454
SG_012020,0.550137510061712
SG_012022,0.5105949825596996
SG_012031,0.4399315803595385
SG_012040,0.4705996780252214
SG_012041,0.10635564797424202
SG_012048,0.14121947947410787
SG_012050,0.1458378052052589
SG_012051,0.16521666219479475
SG_012052,0.8608934800107326
SG_012064,0.6578682586530723
SG_012066,0.32845787496646095
SG_012068,0.2748792594580091
SG_012076,0.7605580896163134
SG_012077,0.20032197477864233
SG_012078,0.31387845452106256
SG_012079,0.1158337805205259
SG_012080,0.8739938288167428
SG_012081,0.17955460155621145
SG_012082,0.600999463375369
SG_012086,0.5309397638851624
SG_012089,0.644888650389053
SG_012097,0.21505232090152937
SG_012104,0.38285148913335126
SG_012108,0.5284645827743494
SG_012113,0.43576603166085326
SG_012119,0.835688891870137
SG_012124,0.7681647437617387
SG_012125,0.6766132277971559
SG_012141,0.7777938019855112
SG_012143,0.42339012610678833
SG_012145,0.21064529111886238
SG_012148,0.3890394419103837
SG_012150,0.500120740541991
SG_012162,0.34949691440837133
SG_012165,0.4073014488865039
SG_012166,0.34035081835256237
SG_012167,0.7005500402468473
SG_012168,0.20321974778642343
SG_012169,0.37292057955460156
SG_012170,0.1452642876308023
SG_012175,0.1665749932921921
SG_012176,0.1788905285752616
SG_012177,0.3002347732760934
SG_012181,0.51270794204454
SG_012186,0.930440032197478
SG_012190,0.4099275556748055
SG_012192,0.8373490743225115
SG_012194,0.6853367319559969
SG_012195,0.5277703246579019
SG_012198,0.344908773812718
SG_012199,0.08154346659511671
SG_012205,0.9021565602361149
SG_012206,0.5056748054735712
SG_012211,0.11308693319023344
SG_012212,0.7731754762543601
SG_012213,0.3462671049101154
SG_012216,0.646820499060907
SG_012217,0.6449188355245506
SG_012218,0.8322779715588946
SG_012220,0.39027703246579015
SG_012225,0.5473001073249263
SG_012230,0.11299637778374028
SG_012232,0.1155319291655487
SG_012234,0.5714784008585995
SG_012238,0.43872417493962973
SG_012241,0.5527032465790181
SG_012243,0.20436678293533672
SG_012247,0.37744834987925946
SG_012253,0.6858800643949557
SG_012258,0.8139857794472767
SG_012260,0.6589247383954924
SG_012263,0.17599275556748056
SG_012264,0.4794137375905554
SG_012266,0.8558223772471157
SG_012270,0.15410853233163402
SG_012272,0.09201770861282532
SG_012276,0.7854608264019319
SG_012277,0.21650120740541995
SG_012278,0.6531291923799303
SG_012279,0.8421183257311511
SG_012280,0.8334551918433056
SG_012281,0.9208109739737055
SG_012283,0.829229272873625
SG_012284,0.873752347732761
SG_012285,0.22697544942312853
SG_012290,0.501509256774886
SG_012293,0.35212302119667294
SG_012301,0.8322779715588946
SG_012305,0.9015830426616582
SG_012307,0.7188120472229675
SG_012308,0.5559330560772741
SG_012310,0.6534612288704053
SG_012312,0.855248859672659
SG_012313,0.4903105715052321
SG_012316,0.673051381808425
SG_012321,0.637131070566139
SG_012322,0.8100918969680708
SG_012326,0.5263818084250067
SG_012334,0.26214113227797153
SG_012336,0.2830896163133888
SG_012337,0.3753957606654145
SG_012339,0.9278139254091764
SG_012340,0.41170847866917093
SG_012345,0.1830862624094446
SG_012355,0.8668701368392809
SG_012362,0.7359572041856721
SG_012363,0.4732257848135229
SG_012368,0.7137711295948485
SG_012375,0.25033874429836334
SG_012378,0.12057284679366784
SG_012381,0.44699490206600484
SG_012384,0.16352629460692247
SG_012390,0.4141836597799839
SG_012393,0.3873490743225114
SG_012397,0.2753018513549772
SG_012400,0.6411456935873358
SG_012402,0.612409444593507
SG_012410,0.37512409444593503
SG_012414,0.20940770056345587
SG_012419,0.3794103836866112
SG_012420,0.9425442715320634
SG_012422,0.6104172256506575
SG_012423,0.9035450764690101
SG_012424,0.11779581432787765
SG_012427,0.12479876576334854
SG_012432,0.48729205795546016
SG_012436,0.8233733565870675
SG_012437,0.7961161792326269
SG_012438,0.7886604507646902
SG_012444,0.27551314730346127
SG_012446,0.08386772202844112
SG_012452,0.7021196672927288
SG_012453,0.5420780788838208
SG_012456,0.4862053930775423
SG_012459,0.15096927823987122
SG_012468,0.43078548430372954
SG_012470,0.39589146766836597
SG_012480,0.33524953045344785
SG_012484,0.22655285752616044
SG_012489,0.28058425006707804
SG_012493,0.3754863160719077
SG_012495,0.6899550576871478
SG_012499,0.8282029782667025
SG_012501,0.08287161255701637
SG_012502,0.47020727126375095
SG_012504,0.8445935068419642
SG_012506,0.6378555138180843
SG_012509,0.9158002414810842
SG_012510,0.9084048832841428
SG_012513,0.5107157231016904
SG_012519,0.648541051784277
SG_012520,0.5250234773276095
SG_012521,0.13044338610142206
SG_012525,0.3166554869868527
SG_012527,0.2980614435202576
SG_012531,0.5988865038905287
SG_012533,0.9229239334585458
SG_012538,0.1979071639388248
SG_012539,0.8411222162597264
SG_012548,0.7037798497451034
SG_012550,0.827931312047223
SG_012552,0.4390260262946069
SG_012556,0.44171250335390394
SG_012561,0.6695499060906897
SG_012562,0.212728065468205
SG_012563,0.5605211966729273
SG_012564,0.714797424201771
SG_012567,0.1350315266970754
SG_012568,0.819117252481889
SG_012571,0.7830158304266167
SG_012575,0.23150321974778643
SG_012579,0.7318218406224847
SG_012588,0.47865910920311244
SG_012591,0.275
SG_012594,0.5108364636436813
SG_012596,0.25583243895894825
SG_012600,0.8691642071371077
SG_012601,0.30120069761202045
SG_012603,0.24620338073517578
SG_012606,0.26678964314462034
SG_012609,0.9242218942849477
SG_012610,0.11634692782398713
SG_012615,0.13801985511134962
SG_012616,0.22117990340756644
SG_012619,0.1784075664072981
SG_012623,0.5578045344781326
SG_012628,0.7587771666219479
SG_012630,0.8744767909847063
SG_012632,0.7567547625436009
SG_012636,0.6348068151328147
SG_012640,0.10532935336731958
SG_012643,0.7936711832573116
SG_012648,0.9136872819962437
SG_012651,0.3199758518916018
SG_012654,0.5017205527233701
SG_012660,0.8892675073785888
SG_012661,0.8433559162865577
SG_012663,0.420522538234505
SG_012669,0.36033337805205257
SG_012674,0.4270727126375101
SG_012680,0.4213375368929434
SG_012684,0.673926750737859
SG_012688,0.6816541454252751
SG_012690,0.5775154279581433
SG_012697,0.5309699490206601
SG_012699,0.4410484303729541
SG_012701,0.35435672122350415
SG_012705,0.6711497182720688
SG_012709,0.3156895626509257
SG_012710,0.9312852159914141
SG_012715,0.5200731151059834
SG_012716,0.31390863965656024
SG_012718,0.6942413469278241
SG_012723,0.13312986316071906
SG_012724,0.26386168500134155
SG_012730,0.4794137375905554
SG_012734,0.8365944459350685
SG_012736,0.8115407834719615
SG_012738,0.11580359538502819
SG_012747,0.3018345854574725
SG_012749,0.7729038100348807
SG_012750,0.05621813791253019
SG_012753,0.5439193721491816
SG_012754,0.9296250335390395
SG_012757,0.14967131741346928
SG_012763,0.4607895089884626
SG_012764,0.3500100617118326
SG_012767,0.8350550040246849
SG_012768,0.35740541990877384
SG_012773,0.20273678561845992
SG_012775,0.42462771666219473
SG_012777,0.7697947410786156
SG_012786,0.5784813522940704
SG_012787,0.9116346927823987
SG_012792,0.7525590287094179
SG_012797,0.562483230480279
SG_012805,0.5134927555674805
SG_012808,0.470418567212235
SG_012810,0.8469781325462841
SG_012819,0.8376811108129865
SG_012821,0.9132948752347734
SG_012822,0.5985544674000537
SG_012831,0.2496746713174135
SG_012844,0.6345351489133352
SG_012845,0.18039978535014756
SG_012848,0.0705862624094446
SG_012849,0.8575429299704858
SG_012851,0.8381037027099545
SG_012859,0.10252213576603167
SG_012861,0.5634491548162062
SG_012869,0.7802086128253287
SG_012870,0.6422323584652537
SG_012873,0.5826167158572579
SG_012874,0.45363563187550315
SG_012883,0.07722699221894286
SG_012886,0.47301448886503894
SG_012887,0.29129997316876843
SG_012888,0.3444258116447545
SG_012891,0.18577273946874162
SG_012898,0.4975550040246848
SG_012905,0.8838039978535016
SG_012910,0.8857358465253555
SG_012913,0.267151864770593
SG_012918,0.7916487791789644
SG_012919,0.35459820230748595
SG_012920,0.20509122618728198
SG_012923,0.28502146498524283
SG_012924,0.678122484572042
SG_012926,0.76179568017172
SG_012936,0.8453783203649048
SG_012938,0.6871176549503623
SG_012940,0.36416689026026294
SG_012945,0.6121981486450229
SG_012949,0.6310336731955998
SG_012958,0.5319358733565871
SG_012962,0.6289810839817548
SG_012967,0.15353501475717735
SG_012968,0.49151797692514093
SG_012970,0.19893345854574723
SG_012972,0.30814327877649583
SG_012978,0.6269586799034076
SG_012979,0.5714482157231018
SG_012980,0.9308324389589483
SG_012981,0.8767708612825329
SG_012983,0.642624765226724
SG_012984,0.814830963241213
SG_012989,0.5541521330829086
SG_012994,0.25384022001609874
SG_012997,0.3638650389052857
SG_013002,0.8077374563992488
SG_013009,0.8336664877917896
SG_013017,0.45580896163133894
SG_013023,0.7447410786155085
SG_013028,0.19564327877649584
SG_013030,0.3111014220552723
SG_013033,0.8659343976388516
SG_013042,0.8265126106788302
SG_013043,0.30074792057955463
SG_013045,0.6394251408639657
SG_013063,0.6793902602629461
SG_013064,0.25381003488060105
SG_013065,0.25598336463643684
SG_013068,0.8135028172793133
SG_013070,0.5833411591092031
SG_013071,0.5188657096860746
SG_013072,0.6887476522672391
SG_013077,0.3729507646900993
SG_013080,0.8883619533136572
SG_013082,0.648752347732761
SG_013083,0.5418064126643414
SG_013085,0.9075898846257043
SG_013086,0.28631942581164477
SG_013093,0.4732861550845184
SG_013094,0.15093909310437348
SG_013096,0.9162832036490476
SG_013104,0.873963643681245
SG_013108,0.22748859672658978
SG_013111,0.22090823718808694
SG_013112,0.432988999195063
SG_013115,0.6571136302656293
SG_013117,0.6543667829353368
SG_013125,0.1467433592701905
SG_013127,0.5364938288167427
SG_013135,0.161534075664073
SG_013138,0.7240340756640731
SG_013139,0.4016266434129327
SG_013141,0.7390059028709418
SG_013149,0.8217433592701906
SG_013150,0.7606486450228066
SG_013157,0.6395458814059566
SG_013159,0.8860678830158305
SG_013166,0.2590320633217065
SG_013172,0.6078213039978536
SG_013177,0.7103602092836061
SG_013178,0.3182251140327341
SG_013187,0.2362422860209284
SG_013196,0.7469144083713444
SG_013201,0.8202642876308024
SG_013202,0.1431513281459619
SG_013212,0.09413066809766568
SG_013219,0.7396699758518918
SG_013222,0.14930909578749665
SG_013223,0.6699724979876578
SG_013224,0.9330963241212773
SG_013233,0.2554400321974779
SG_013237,0.12259525087201503
SG_013245,0.4213375368929434
SG_013249,0.39450295143547087
SG_013250,0.46640394419103837
SG_013260,0.683072846793668
SG_013264,0.23316340220016096
SG_013266,0.5817413469278241
SG_013267,0.8809967802522137
SG_013269,0.24321505232090157
SG_013273,0.8816910383686613
SG_013276,0.07580829085055005
SG_013280,0.7299201770861283
SG_013281,0.48306613898577944
SG_013282,0.16077944727663002
SG_013288,0.8607123691977463
SG_013292,0.5619700831768178
SG_013294,0.7406660853233163
SG_013297,0.31215790179769254
SG_013304,0.18670847866917095
SG_013311,0.4470552723370003
SG_013313,0.7690099275556749
SG_013314,0.47784411054467407
SG_013315,0.3814931580359539
SG_013317,0.5777267239066274
SG_013321,0.6215253555138183
SG_013323,0.6120170378320366
SG_013327,0.3819459350684197
SG_013328,0.15911926482425542
SG_013332,0.4014153474644486
SG_013337,0.36135967265897506
SG_013338,0.2766903675878723
SG_013339,0.05959887308827475
SG_013340,0.5771532063321707
SG_013342,0.07342366514623022
SG_013344,0.13162060638583312
SG_013345,0.7820800912261874
SG_013347,0.6585625167695197
SG_013348,0.2931714515696271
SG_013356,0.8483968339146768
SG_013358,0.7752884357392006
SG_013359,0.7884189696807085
SG_013360,0.15054668634290314
SG_013361,0.18999865843842234
SG_013362,0.9095821035685538
SG_013366,0.48306613898577944
SG_013371,0.8059867185403812
SG_013372,0.4204319828280118
SG_013374,0.8192983632948753
SG_013380,0.0921384491548162
SG_013383,0.635108666487792
SG_013384,0.2172558357928629
SG_013391,0.7945163670512477
SG_013392,0.3252582506037027
SG_013393,0.9210222699221895
SG_013396,0.8444425811644756
SG_013400,0.7031761470351491
SG_013404,0.4249899382881674
SG_013412,0.3960423933458546
SG_013413,0.8905956533404885
SG_013414,0.14463039978535014
SG_013418,0.8538905285752617
SG_013420,0.08142272605312584
SG_013421,0.753404212503354
SG_013424,0.6518614166890261
SG_013427,0.7606184598873088
SG_013430,0.8173665146230212
SG_013435,0.76007512744835
SG_013438,0.7812952777032467
SG_013440,0.5585289777300779
SG_013443,0.7689495572846795
SG_013444,0.5800509793399518
SG_013446,0.07052589213844916
SG_013447,0.13711430104641803
SG_013452,0.3164441910383687
SG_013454,0.8555205258921386
SG_013456,0.5464247383954923
SG_013462,0.5474208478669172
SG_013463,0.764482157231017
SG_013464,0.6367990340756642
SG_013468,0.2811879527770325
SG_013472,0.44470083176817815
SG_013474,0.5697578481352294
SG_013477,0.4212771666219479
SG_013480,0.5757948752347734
SG_013485,0.29984236651462304
SG_013486,0.5116816474376175
SG_013487,0.5041051784276899
SG_013491,0.8585088543064127
SG_013495,0.6430171719881943
SG_013499,0.3010799570700295
SG_013504,0.8724845720418568
SG_013508,0.6352595921652805
SG_013509,0.17375905554064933
SG_013515,0.5055238797960826
SG_013523,0.23059766568285484
SG_013528,0.5894385564797424
SG_013538,0.771032331634022
SG_013542,0.3010497719345318
SG_013543,0.30207606654145425
SG_013544,0.4038603434397639
SG_013545,0.6528273410249531
SG_013546,0.19307754225918972
SG_013548,0.9446572310169038
SG_013549,0.7125033539039444
SG_013552,0.9419707539576068
SG_013553,0.8087939361416691
SG_013554,0.3896129594848403
SG_013557,0.21143010464180306
SG_013558,0.736953313657097
SG_013561,0.9039072980949826
SG_013563,0.7806312047222969
SG_013565,0.5334149449959754
SG_013567,0.21233565870673465
SG_013568,0.12588543064126645
SG_013571,0.7717265897504697
SG_013574,0.7940334048832842
SG_013575,0.16609203112422863
SG_013578,0.6895324657901798
SG_013579,0.7045042929970488
SG_013580,0.6820465521867455
SG_013586,0.18109404346659513
SG_013588,0.22981285215991415
SG_013591,0.5343808693319024
SG_013598,0.9359639119935605
SG_013601,0.7015159645827744
SG_013602,0.8666588408907969
SG_013604,0.5774852428226457
SG_013608,0.6365575529916825
SG_013610,0.5014488865038905
SG_013612,0.7131674268848941
SG_013613,0.1526596458277435
SG_013616,0.36428763080225385
SG_013619,0.22299101153742962
SG_013624,0.849332573115106
SG_013626,0.8069526428763081
SG_013628,0.5590723101690368
SG_013629,0.34702173329755837
SG_013633,0.5259592165280387
SG_013635,0.09908103031929166
SG_013637,0.5401160450764692
SG_013638,0.5516467668365979
SG_013639,0.3664911456935874
SG_013641,0.4365810303192917
SG_013646,0.4866883552455058
SG_013653,0.28785886772202846
SG_013667,0.5065501744030051
SG_013668,0.6269284947679099
SG_013670,0.3002045881405957
SG_013675,0.679722296753421
SG_013677,0.6691273141937216
SG_013678,0.7487557016367052
SG_013681,0.5079688757713979
SG_013682,0.8444425811644756
SG_013683,0.8360209283606118
SG_013684,0.5440401126911726
SG_013685,0.3064227260531258
SG_013686,0.44542527502012347
SG_013690,0.5863596726589752
SG_013695,0.22978266702441646
SG_013705,0.42607660316608537
SG_013706,0.2890662731419372
SG_013708,0.2936544137375906
SG_013711,0.16898980413200965
SG_013713,0.8773745639924873
SG_013715,0.12513080225382345
SG_013716,0.7387040515159646
SG_013726,0.5238462570431983
SG_013727,0.25725114032734103
SG_013728,0.460095250872015
SG_013731,0.4979172256506574
SG_013733,0.056519989267507384
SG_013737,0.403950898846257
SG_013740,0.7422357123691979
SG_013741,0.802666353635632
SG_013744,0.10270324657901798
SG_013745,0.8347531526697077
SG_013746,0.39468406224845726
SG_013747,0.5767306144352027
SG_013749,0.5441910383686612
SG_013755,0.27650925677488597
SG_013759,0.6802354440568823
SG_013765,0.516571639388248
SG_013766,0.7675912261872821
SG_013769,0.20669103836866115
SG_013773,0.7038402200160988
SG_013785,0.3527267239066273
SG_013793,0.2539307754225919
SG_013800,0.4273443788569895
SG_013808,0.7471860745908238
SG_013815,0.33790582237724714
SG_013827,0.15522538234504965
SG_013840,0.06599812181379125
SG_013841,0.12497987657633486
SG_013842,0.5671317413469279
SG_013844,0.847732760933727
SG_013845,0.8183022538234507
SG_013849,0.4308760397102227
SG_013850,0.42951770861282534
SG_013851,0.18531996243627585
SG_013853,0.5880500402468474
SG_013854,0.30950160987389325
SG_013855,0.6179635095250873
SG_013857,0.7924939629729006
SG_013860,0.8927689830963241
SG_013862,0.7486047759592166
SG_013867,0.8290783471961364
SG_013868,0.43347196136302657
SG_013870,0.38393815401126913
SG_013883,0.15124094445935068
SG_013884,0.2389589482157231
SG_013885,0.8615575529916824
SG_013892,0.8892976925140864
SG_013896,0.10732157231016905
SG_013898,0.6685236114837672
SG_013901,0.8793969680708345
SG_013905,0.6209820230748592
SG_013906,0.5803226455594312
SG_013907,0.2610846525355514
SG_013910,0.48629594848403546
SG_013912,0.5665280386369735
SG_013914,0.5613663804668635
SG_013919,0.9055976656828549
SG_013922,0.645643278776496
SG_013943,0.18824792057955458
SG_013944,0.27602629460692246
SG_013946,0.37029447276629995
SG_013948,0.2839046149718272
SG_013949,0.5337167963509526
SG_013953,0.22250804936946605
SG_013962,0.8836228870405152
SG_013965,0.561517306144352
SG_013969,0.8703716125570164
SG_013974,0.20952844110544677
SG_013978,0.5386369734370808
SG_013979,0.09231955996780253
SG_013980,0.9143513549771936
SG_013986,0.5062483230480279
SG_013997,0.33549101153742955
SG_014000,0.6506540112691174
SG_014004,0.3432787764958412
SG_014009,0.5051918433056078
SG_014010,0.4483834182988999
SG_014012,0.530547357123692
SG_014014,0.6295244164207138
SG_014015,0.5586195331365711
SG_014016,0.32622417493962974
SG_014017,0.8910182452374564
SG_014018,0.11435470888113765
SG_014020,0.4825529916823182
SG_014021,0.5512241749396298
SG_014022,0.5995807620069762
SG_014023,0.41427421518647706
SG_014026,0.8358096324121278
SG_014030,0.39269184330560775
SG_014031,0.34979876576334856
SG_014036,0.44560638583310974
SG_014037,0.14849409712905823
SG_014039,0.5573819425811646
SG_014045,0.626053125838476
SG_014046,0.4520961899651194
SG_014047,0.504407029782667
SG_014050,0.07547625436007513
SG_014053,0.6572947410786156
SG_014058,0.8575731151059836
SG_014059,0.8589314462033808
SG_014062,0.5985846525355515
SG_014067,0.6337503353903945
SG_014072,0.06847330292460424
SG_014073,0.5102629460692246
SG_014075,0.47156560236114836
SG_014081,0.49529111886235583
SG_014085,0.5814696807083446
SG_014088,0.40087201502548975
SG_014096,0.7533740273678562
SG_014099,0.72050241481084
SG_014102,0.6474845720418568
SG_014105,0.42055272337000266
SG_014111,0.7661423396833915
SG_014113,0.48723168768446473
SG_014116,0.2897001609873894
SG_014122,0.5997618728199625
SG_014123,0.1552857526160451
SG_014124,0.6901059833646365
SG_014130,0.8662060638583312
SG_014132,0.4425878722833378
SG_014135,0.8988663804668634
SG_014136,0.3694794741078616
SG_014139,0.6714213844915482
SG_014140,0.7630030855916287
SG_014141,0.5835524550576872
SG_014146,0.6377649584115912
SG_014155,0.5807452374563993
SG_014157,0.47225986047759594
SG_014161,0.5398443788569895
SG_014162,0.6450697612020393
SG_014165,0.6747719345317952
SG_014167,0.8528340488328414
SG_014168,0.7916487791789644
SG_014172,0.15462167963509527
SG_014176,0.42166957338341826
SG_014177,0.8974778642339684
SG_014184,0.9356318755030857
SG_014186,0.5734404346659512
SG_014188,0.5010262946069225
SG_014190,0.2679668634290314
SG_014191,0.27554333243895895
SG_014192,0.15383686611215455
SG_014194,0.7127146498524283
SG_014196,0.513975717735444
SG_014197,0.8082807888382078
SG_014205,0.540870673463912
SG_014210,0.237359136034344
SG_014217,0.4491078615508452
SG_014219,0.8726053125838477
SG_014223,0.8667493962972902
SG_014235,0.07985309900724444
SG_014237,0.8954252750201235
SG_014243,0.6070364904749129
SG_014248,0.8412429568017173
SG_014249,0.670274349342635
SG_014259,0.4822813254628387
SG_014269,0.7379494231285216
SG_014270,0.6686443520257581
SG_014272,0.10463509525087202
SG_014277,0.247682452374564
SG_014288,0.6535215991414007
SG_014290,0.1465924335927019
SG_014292,0.8314327877649585
SG_014293,0.1658807351757446
SG_014295,0.5268044003219748
SG_014299,0.30971290582237726
SG_014308,0.6777904480815671
SG_014309,0.2968540381003488
SG_014311,0.7784880601019588
SG_014314,0.7954521062516771
SG_014319,0.12845116715857258
SG_014320,0.40902200160987395
SG_014321,0.9024885967265898
SG_014328,0.6753756372417495
SG_014334,0.21840287094177624
SG_014335,0.33220083176817816
SG_014339,0.8225583579286291
SG_014342,0.08652401395224041
SG_014343,0.9320096592433594
SG_014345,0.14867520794204453
SG_014363,0.20279715588945535
SG_014368,0.6055876039710223
SG_014370,0.055040917628119135
SG_014373,0.3976422055272337
SG_014375,0.3681211430104642
SG_014380,0.7964482157231018
SG_014383,0.8434162865575531
SG_014385,0.9086765495036222
SG_014386,0.35185135497719344
SG_014387,0.4615139522404078
SG_014389,0.5623021196672928
SG_014391,0.6015126106788302
SG_014394,0.944536490474913
SG_014398,0.8256976120203918
SG_014402,0.14852428226455594
SG_014409,0.5255366246310706
SG_014411,0.6820767373222432
SG_014415,0.6313053394150792
SG_014416,0.7000972632143816
SG_014418,0.08453179500939094
SG_014425,0.2522404078347196
SG_014426,0.9285081835256239
SG_014431,0.5714482157231018
SG_014432,0.8169137375905554
SG_014446,0.6496880869331904
SG_014447,0.3077508720150255
SG_014457,0.440957874966461
SG_014465,0.5116514623021197
SG_014466,0.20759659243359269
SG_014469,0.2709250067078079
SG_014474,0.12467802522135767
SG_014484,0.5879292997048565
SG_014486,0.17698886503890532
SG_014488,0.22709618996511943
SG_014491,0.38858666487791793
SG_014495,0.6753756372417495
SG_014512,0.7840723101690369
SG_014514,0.4382110276361685
SG_014516,0.4562013683928092
SG_014519,0.2828179500939093
SG_014522,0.23014488865038907
SG_014529,0.5891367051247652
SG_014538,0.7536758787228334
SG_014544,0.7328179500939094
SG_014551,0.39311443520257583
SG_014552,0.409655889455326
SG_014556,0.496770190501744
SG_014562,0.5597665682854844
SG_014565,0.12193117789106521
SG_014566,0.8377716662194796
SG_014568,0.10810638583310975
SG_014569,0.19039106519989268
SG_014570,0.7939428494767911
SG_014578,0.28444794741078616
SG_014579,0.8338777837402738
SG_014581,0.5239368124496915
SG_014582,0.43169103836866113
SG_014583,0.1601455594311779
SG_014587,0.5226086664877918
SG_014594,0.4062751542795814
SG_014596,0.6086966729272875
SG_014597,0.8271464985242823
SG_014607,0.6361349610947143
SG_014611,0.43486047759592167
SG_014616,0.2338274751811108
SG_014617,0.26458612825328687
SG_014618,0.692641534746445
SG_014619,0.21296954655218675
SG_014621,0.736621277166622
SG_014626,0.47884022001609877
SG_014634,0.11556211430104642
SG_014635,0.6778810034880601
SG_014636,0.31333512208210357
SG_014637,0.32453380735175746
SG_014640,0.4129762543600751
SG_014641,0.5744365441373761
SG_014645,0.4415012074054199
SG_014647,0.30750939093104374
SG_014653,0.39519720955191845
SG_014655,0.2648577944727663
SG_014656,0.7939428494767911
SG_014657,0.9185169036758789
SG_014660,0.6585021464985243
SG_014667,0.2537798497451033
SG_014672,0.5453984437885699
SG_014677,0.25613429031392543
SG_014680,0.5825261604507648
SG_014681,0.7496914408371346
SG_014687,0.5818319023343173
SG_014690,0.6171485108666489
SG_014691,0.2767507378588677
SG_014700,0.8484270190501745
SG_014701,0.6483901261067884
SG_014702,0.9037261872819964
SG_014703,0.09452307485913604
SG_014712,0.4660417225650657
SG_014713,0.15797222967534208
SG_014718,0.0999262141132278
SG_014720,0.8598671854038101
SG_014723,0.35230413200965927
SG_014729,0.8990776764153476
SG_014731,0.48714113227797157
SG_014733,0.8501173866380468
SG_014735,0.7980178427689832
SG_014742,0.05006037027099544
SG_014746,0.11236248993828817
SG_014748,0.1406157767641535
SG_014749,0.521733297558358
SG_014753,0.37977260531258383
SG_014754,0.2339482157231017
SG_014757,0.43235511134961097
SG_014771,0.2837536892943386
SG_014774,0.652948081566944
SG_014777,0.550771397907164
SG_014778,0.8436275825060371
SG_014780,0.42236383149986584
SG_014787,0.8503588677220285
SG_014800,0.4718976388516233
SG_014801,0.8861886235578214
SG_014802,0.1305037563724175
SG_014803,0.41484773276093373
SG_014808,0.15797222967534208
SG_014812,0.12694191038368663
SG_014813,0.33971693050711027
SG_014815,0.6304299704856453
SG_014824,0.06608867722028441
SG_014825,0.23642339683391472
SG_014827,0.5662865575529917
SG_014830,0.3155990072444325
SG_014834,0.21529380198551112
SG_014839,0.7206231553528307
SG_014844,0.8952441642071371
SG_014865,0.8746579017976926
SG_014866,0.17735108666487792
SG_014867,0.5688824792057956
SG_014871,0.7819593506841965
SG_014874,0.17394016635363566
SG_014875,0.5446740005366246
SG_014879,0.12202173329755837
SG_014880,0.08960289777300778
SG_014882,0.30026495841159107
SG_014885,0.8728166085323318
SG_014887,0.8520794204453984
SG_014894,0.3472028441105447
SG_014895,0.16428092299436547
SG_014898,0.23086933190233433
SG_014900,0.3838174134692783
SG_014906,0.8535584920847867
SG_014909,0.13466930507110278
SG_014914,0.5907968875771399
SG_014919,0.3708679903407566
SG_014921,0.5134927555674805
SG_014939,0.8330024148108399
SG_014940,0.621978132546284
SG_014945,0.7351723906627315
SG_014946,0.06476053125838477
SG_014951,0.8633686611215455
SG_014953,0.8368057418835525
SG_014955,0.7191742688489403
SG_014959,0.29878588677220286
SG_014961,0.5936342903139255
SG_014964,0.6492956801717199
SG_014965,0.23029581432787766
SG_014966,0.5237858867722028
SG_014969,0.7233096324121278
SG_014972,0.551948618191575
SG_014976,0.8919841695733836
SG_014979,0.08404883284142742
SG_014980,0.7715152938019857
SG_014984,0.630037563724175
SG_014990,0.05419573383418299
SG_014998,0.18951569627045883
SG_014999,0.21121880869331905
SG_015001,0.6125
SG_015002,0.6280755299168232
SG_015014,0.3747618728199625
SG_015015,0.27213241212771666
SG_015021,0.49704185672122353
SG_015026,0.35426616581701104
SG_015031,0.8690434665951168
SG_015036,0.1692312852159914
SG_015039,0.22730748591360345
SG_015042,0.4701770861282533
SG_015044,0.13479004561309366
SG_015046,0.5833109739737055
SG_015047,0.7047155889455327
SG_015050,0.20647974242017708
SG_015054,0.760286423396834
SG_015066,0.5350449423128523
SG_015068,0.8948517574456669
SG_015071,0.3224208478669171
SG_015075,0.23313321706466328
SG_015076,0.11782599946337537
SG_015081,0.7596827206868796
SG_015082,0.42812919237993025
SG_015085,0.18553125838475987
SG_015093,0.8403374027367858
SG_015095,0.46296283874429833
SG_015099,0.4505567480547357
SG_015102,0.5448249262141133
SG_015103,0.8006439495572848
SG_015111,0.39743090957874966
SG_015112,0.4758217064663268
SG_015118,0.2055440032197478
SG_015125,0.4598235846525356
SG_015126,0.4548128521599141
SG_015127,0.82439965119399
SG_015129,0.3179836329487523
SG_015134,0.5405084518379394
SG_015135,0.5543030587603971
SG_015137,0.2084719613630266
SG_015138,0.8010967265897506
SG_015144,0.6863932116984172
SG_015146,0.2949523745639925
SG_015152,0.4327173329755836
SG_015155,0.27415481620606386
SG_015158,0.6971391199356052
SG_015159,0.5668298899919507
SG_015161,0.5794472766299974
SG_015165,0.7736886235578213
SG_015167,0.7608901261067884
SG_015169,0.5620002683123156
SG_015176,0.7183894553259996
SG_015180,0.2748188891870137
SG_015183,0.6729004561309365
SG_015189,0.6147940702978267
SG_015190,0.2658237188086933
SG_015192,0.6857895089884628
SG_015195,0.5160584920847867
SG_015197,0.7059833646364368
SG_015201,0.8941574993292193
SG_015202,0.5539106519989269
SG_015214,0.2626844647169305
SG_015215,0.6326938556479743
SG_015217,0.16388851623289513
SG_015222,0.3956499865843842
SG_015224,0.13590689562650926
SG_015235,0.46057821303997853
SG_015239,0.14946002146498524
SG_015246,0.17001609873893214
SG_015251,0.4020492353099007
SG_015252,0.7747451033002416
SG_015256,0.7959652535551384
SG_015257,0.5065803595385029
SG_015261,0.44642138449154817
SG_015262,0.47301448886503894
SG_015263,0.8859471424738397
SG_015269,0.39012610678830156
SG_015270,0.15854574724979878
SG_015272,0.42179031392540917
SG_015276,0.8499664609605582
SG_015277,0.20198215723101692
SG_015278,0.19168902602629462
SG_015279,0.6767943386101424
SG_015280,0.8499060906895628
SG_015283,0.4601858062785082
SG_015284,0.8649986584384224
SG_015289,0.8618895894821572
SG_015290,0.4029547893748323
SG_015294,0.49713241212771664
SG_015296,0.23114099812181382
SG_015297,0.887426214113228
SG_015302,0.44086731955996783
SG_015304,0.8326703783203651
SG_015308,0.48744298363294875
SG_015309,0.29265830426616585
SG_015312,0.5675543332438959
SG_015317,0.8447142473839551
SG_015322,0.504739066273142
SG_015323,0.5309397638851624
SG_015326,0.7275053662463108
SG_015329,0.17858867722028443
SG_015337,0.22389656560236115
SG_015339,0.7123826133619534
SG_015340,0.587989669975852
SG_015341,0.7738093640998123
SG_015346,0.4860846525355514
SG_015348,0.6569928897236385
SG_015349,0.6228535014757178
SG_015351,0.9124195063053395
SG_015355,0.3732828011805742
SG_015356,0.6630299168231824
SG_015360,0.18121478400858598
SG_015361,0.6338107056613899
SG_015362,0.8820230748591361
SG_015363,0.4028038636973437
SG_015369,0.5038335122082104
SG_015372,0.5820130131473035
SG_015375,0.11516970753957607
SG_015381,0.4542091494499597
SG_015382,0.10031862087469814
SG_015383,0.3416487791789643
SG_015384,0.7506573651730615
SG_015388,0.6310638583310975
SG_015395,0.19980882747518114
SG_015397,0.15851556211430107
SG_015399,0.6343238529648512
SG_015400,0.9103367319559968
SG_015401,0.3673966997585189
SG_015402,0.5902535551381809
SG_015403,0.54711899651194
SG_015406,0.8732392004292998
SG_015412,0.6732626777569092
SG_015421,0.8432653608800645
SG_015424,0.1733968339146767
SG_015425,0.35538301583042664
SG_015428,0.6332975583579287
SG_015430,0.6542762275288437
SG_015431,0.3064227260531258
SG_015439,0.1902401395224041
SG_015440,0.07158237188086933
SG_015446,0.8012476522672392
SG_015447,0.4477797155889455
SG_015448,0.32824657901797694
SG_015452,0.42728400858599414
SG_015454,0.931949288972364
SG_015458,0.7108431714515698
SG_015462,0.3029514354708881
SG_015463,0.7196874161524015
SG_015464,0.6181748054735713
SG_015466,0.44756841964046146
SG_015467,0.8480044271532063
SG_015470,0.33304601556211433
SG_015473,0.35254561309364096
SG_015479,0.36178226455594314
SG_015481,0.6388818084250069
SG_015483,0.466011537429568
SG_015492,0.5993694660584922
SG_015495,0.08640327341024953
SG_015498,0.7451938556479744
SG_015503,0.2625033539039442
SG_015507,0.6898946874161525
SG_015512,0.2331030319291656
SG_015514,0.3826401931848672
SG_015517,0.8475214649852428
SG_015520,0.7004292997048566
SG_015524,0.47168634290313927
SG_015526,0.25257244432519455
SG_015527,0.31194660584920847
SG_015535,0.37971223504158835
SG_015537,0.6935772739468742
SG_015538,0.7204722296753421
SG_015540,0.7475784813522941
SG_015542,0.1049067614703515
SG_015543,0.9154078347196137
SG_015544,0.5611248993828818
SG_015546,0.7758317681781595
SG_015547,0.4436745371612557
SG_015550,0.4834283606117521
SG_015556,0.33527971558894554
SG_015558,0.7013952240407835
SG_015559,0.7032365173061443
SG_015560,0.6387308827475182
SG_015562,0.17735108666487792
SG_015565,0.18076200697612022
SG_015568,0.9185169036758789
SG_015572,0.37509390931043735
SG_015576,0.07257848135229407
SG_015578,0.18498792594580094
SG_015580,0.6798128521599143
SG_015582,0.21490139522404078
SG_015584,0.39875905554064933
SG_015585,0.756513281459619
SG_015586,0.13071505232090153
SG_015587,0.27753555138180847
SG_015589,0.45964247383954926
SG_015590,0.5987053930775423
SG_015591,0.7024818889187014
SG_015593,0.649929568017172
SG_015597,0.6300073785886773
SG_015598,0.7599845720418568
SG_015600,0.8815099275556749
SG_015606,0.7419338610142207
SG_015613,0.7080963241212771
SG_015615,0.7552153206332173
SG_015617,0.2414643144620338
SG_015619,0.2938053394150792
SG_015623,0.26413335122082104
SG_015627,0.8030285752616045
SG_015637,0.15486316071907702
SG_015641,0.659196404614972
SG_015644,0.7410584920847868
SG_015649,0.29024349342634825
SG_015654,0.8189361416689027
SG_015655,0.9279346659511672
SG_015656,0.30222699221894284
SG_015659,0.2398645022806547
SG_015662,0.6994331902334319
SG_015664,0.12827005634558628
SG_015671,0.7297088811376444
SG_015675,0.10466528038636974
SG_015678,0.5656828548430374
SG_015680,0.5062483230480279
SG_015681,0.30612087469814864
SG_015682,0.8010061711832573
SG_015684,0.21701435470888114
SG_015693,0.7527401395224042
SG_015708,0.938288167426885
SG_015715,0.4239032734102496
SG_015716,0.5360712369197747
SG_015718,0.09636436812449692
SG_015721,0.5776965387711297
SG_015724,0.7432921921116181
SG_015726,0.6480580896163135
SG_015729,0.5762174671317414
SG_015730,0.8238261336195332
SG_015735,0.2542024416420714
SG_015738,0.7667460423933459
SG_015743,0.6284679366782937
SG_015744,0.23524617654950364
SG_015746,0.12965857257848135
SG_015756,0.29929903407566405
SG_015762,0.8637308827475182
SG_015763,0.6443755030855917
SG_015766,0.6692480547357125
SG_015769,0.6272605312583848
SG_015770,0.26189965119398984
SG_015772,0.5488395492353099
SG_015773,0.7311577676415347
SG_015780,0.1269117252481889
SG_015790,0.4785081835256238
SG_015797,0.23488395492353098
SG_015806,0.37524483498792593
SG_015810,0.9149852428226456
SG_015815,0.5041353635631876
SG_015817,0.7446203380735176
SG_015818,0.7032365173061443
SG_015819,0.5074859136034344
SG_015820,0.5523712100885431
SG_015827,0.7162764958411593
SG_015828,0.18248255969949023
SG_015829,0.2844177622752884
SG_015832,0.24179635095250873
SG_015833,0.699946337536893
SG_015834,0.1825731151059834
SG_015838,0.5041051784276899
SG_015840,0.13635967265897506
SG_015842,0.5463039978535016
SG_015845,0.1982392004292997
SG_015849,0.39082036490474914
SG_015857,0.586480413200966
SG_015859,0.0743292192111618
SG_015860,0.9022169305071104
SG_015867,0.48807687147840084
SG_015873,0.7006405956533406
SG_015878,0.5600684196404616
SG_015879,0.21139991950630538
SG_015880,0.7238529648510867
SG_015881,0.07097866917091494
SG_015884,0.3344043466595117
SG_015885,0.26962704588140596
SG_015891,0.8817514086396566
SG_015893,0.38568889187013683
SG_015898,0.5414140059028709
SG_015900,0.7893848940166354
SG_015901,0.3639254091762812
SG_015907,0.5105647974242018
SG_015908,0.5530654682049907
SG_015910,0.8271464985242823
SG_015914,0.6479373490743227
SG_015917,0.8919841695733836
SG_015921,0.8200228065468206
SG_015922,0.5933928092299438
SG_015928,0.802455057687148
SG_015939,0.19428494767909849
SG_015940,0.22247786423396831
SG_015942,0.8177589213844916
SG_015943,0.9025791521330829
SG_015947,0.49242353099007247
SG_015950,0.5473906627314193
SG_015951,0.6895626509256777
SG_015955,0.08552790448081568
SG_015964,0.7186309364099812
SG_015965,0.6255701636705125
SG_015972,0.5848202307485915
SG_015973,0.07441977461765495
SG_015975,0.3169573383418299
SG_015977,0.4748557821303998
SG_015978,0.8238865038905288
SG_015979,0.8875469546552187
SG_015980,0.307479205795546
SG_015981,0.6072477864233969
SG_015985,0.8697980949825599
SG_015988,0.3229339951703783
SG_015989,0.7438053394150792
SG_015990,0.7224644486181917
SG_015998,0.8907767641534747
SG_015999,0.153142607995707
SG_016002,0.6847330292460425
SG_016003,0.19232291387174671
SG_016004,0.5148812718003757
SG_016008,0.9439629729004562
SG_016010,0.7330292460423935
SG_016013,0.6539441910383688
SG_016015,0.36338207673732226
SG_016020,0.17716997585189165
SG_016021,0.7503253286825865
SG_016022,0.25755299168231827
SG_016027,0.7216494499597532
SG_016028,0.4338341829889992
SG_016029,0.08419975851891602
SG_016030,0.9066541454252751
SG_016045,0.2702911188623558
SG_016048,0.7327877649584116
SG_016049,0.20252548966997586
SG_016054,0.9380768714784009
SG_016056,0.4717467131741347
SG_016060,0.46335524550576873
SG_016065,0.13774818889187013
SG_016081,0.2866514623021197
SG_016085,0.15220686879527773
SG_016089,0.3010195867990341
SG_016091,0.9075596994902067
SG_016092,0.8769217869600215
SG_016101,0.8099107861550846
SG_016102,0.8272974242017709
SG_016103,0.33549101153742955
SG_016108,0.285866648779179
SG_016109,0.4462402736785619
SG_016111,0.9110913603434398
SG_016113,0.15401797692514088
SG_016114,0.2783505500402469
SG_016115,0.1481620606385833
SG_016116,0.5993996511939899
SG_016119,0.2965220016098739
SG_016124,0.3829420445398444
SG_016127,0.4026831231553529
SG_016132,0.8742654950362222
SG_016133,0.4741615240139523
SG_016134,0.6569023343171453
SG_016138,0.20641937214918166
SG_016140,0.8188154011269119
SG_016146,0.8350248188891871
SG_016147,0.3442748859672659
SG_016156,0.8881204722296754
SG_016158,0.45589951703783205
SG_016159,0.2500067078078884
SG_016160,0.11809766568285485
SG_016161,0.344154145425275
SG_016163,0.8536188623557823
SG_016164,0.7138314998658438
SG_016165,0.7804500939093105
SG_016166,0.21674268848940165
SG_016171,0.7190535283069494
SG_016172,0.8473403541722566
SG_016174,0.41846994902066004
SG_016176,0.5856654145425275
SG_016179,0.9283874429836331
SG_016181,0.8607727394687417
SG_016183,0.11046082640193186
SG_016185,0.630792192111618
SG_016186,0.1451435470888114
SG_016187,0.09470418567212235
SG_016188,0.812235041588409
SG_016190,0.2098001073249262
SG_016194,0.4223034612288704
SG_016195,0.3543869063590019
SG_016196,0.8255466863429033
SG_016197,0.573259323852965
SG_016211,0.17019720955191844
SG_016214,0.8500268312315536
SG_016215,0.35384357392004295
SG_016219,0.693184867185404
SG_016221,0.6422323584652537
SG_016222,0.5123457204185673
SG_016224,0.47814596189965125
SG_016225,0.8794875234773277
SG_016233,0.37717668365978
SG_016234,0.3353099007244433
SG_016235,0.2481654145425275
SG_016238,0.19485846525355516
SG_016242,0.8715790179769253
SG_016244,0.11082304802790449
SG_016245,0.11112489938288167
SG_016246,0.7030855916286558
SG_016249,0.32568084250067075
SG_016251,0.9186980144888651
SG_016252,0.8906862087469816
SG_016259,0.4390260262946069
SG_016262,0.47633485376978807
SG_016263,0.12842098202307486
SG_016268,0.2878890528575262
SG_016270,0.20155956533404884
SG_016272,0.7700664072980951
SG_016273,0.9059297021733298
SG_016275,0.9337603971022271
SG_016278,0.6475449423128522
SG_016282,0.7190535283069494
SG_016285,0.11646766836597801
SG_016289,0.6410853233163403
SG_016292,0.1729742420177086
SG_016297,0.267574456667561
SG_016299,0.6469714247383956
SG_016310,0.5907063321706466
SG_016315,0.8808156694392274
SG_016316,0.40461497182720685
SG_016318,0.23225784813522943
SG_016324,0.2855346122887041
SG_016326,0.51032331634022
SG_016327,0.7756506573651731
SG_016330,0.2376308022538235
SG_016331,0.6695499060906897
SG_016332,0.1500033539039442
SG_016333,0.8268748323048027
SG_016334,0.5018714784008587
SG_016337,0.1187919237993024
SG_016341,0.6059800107324927
SG_016343,0.23621210088543065
SG_016345,0.6985578213039979
SG_016346,0.14683391467668366
SG_016349,0.5830091226187283
SG_016351,0.5347430909578751
SG_016352,0.07037496646096056
SG_016354,0.5686108129863162
SG_016363,0.5719009927555675
SG_016372,0.5092366514623022
SG_016375,0.6688858331097398
SG_016382,0.5845787496646097
SG_016384,0.8169137375905554
SG_016386,0.13059431177891065
SG_016389,0.6573249262141133
SG_016392,0.5907968875771399
SG_016393,0.33331768178159377
SG_016394,0.5296719881942581
SG_016401,0.4311778910651999
SG_016402,0.17870941776227528
SG_016405,0.8339683391467668
SG_016414,0.46884894016635364
SG_016421,0.10128454521062517
SG_016424,0.39830627850818356
SG_016425,0.24665615776764155
SG_016429,0.12742487255165014
SG_016431,0.49806815132814597
SG_016432,0.669731016903676
SG_016435,0.8951837939361418
SG_016436,0.8716695733834183
SG_016443,0.10107324926214113
SG_016445,0.33389119935605044
SG_016450,0.9085558089616315
SG_016452,0.2018010464180306
SG_016456,0.8044774617654951
SG_016462,0.32190770056345586
SG_016463,0.15477260531258386
SG_016474,0.6939998658438423
SG_016482,0.24747115642607997
SG_016488,0.3698115105983365
SG_016502,0.16400925677488598
SG_016503,0.8417561041051785
SG_016507,0.789113227797156
SG_016508,0.3336497182720687
SG_016511,0.1631037027099544
SG_016512,0.7148879796082641
SG_016517,0.31888918701368396
SG_016518,0.9163737590555407
SG_016520,0.2884022001609874
SG_016522,0.8562147840085861
SG_016524,0.6555741883552456
SG_016526,0.694784679366783
SG_016528,0.7682854843037296
SG_016529,0.6696404614971828
SG_016532,0.8785819694123962
SG_016535,0.12896431446203382
SG_016537,0.15555741883552454
SG_016539,0.16120203917359807
SG_016542,0.13651059833646367
SG_016545,0.23989468741615239
SG_016547,0.36353300241481085
SG_016548,0.2364535819694124
SG_016554,0.3807385296485109
SG_016562,0.6644184330560774
SG_016563,0.5449758518916019
SG_016566,0.5666487791789644
SG_016567,0.6123792594580092
SG_016580,0.2852629460692246
SG_016581,0.3063623557821304
SG_016585,0.9444761202039175
SG_016600,0.7027535551381809
SG_016603,0.8434464716930508
SG_016604,0.41623624899382883
SG_016606,0.7627012342366515
SG_016609,0.5567782398712102
SG_016612,0.645643278776496
SG_016613,0.5818620874698149
SG_016614,0.5997618728199625
SG_016623,0.3166554869868527
SG_016625,0.8106654145425276
SG_016632,0.8314327877649585
SG_016634,0.24336597799839016
SG_016637,0.67510397102227
SG_016641,0.49022001609873894
SG_016646,0.31064864502280654
SG_016647,0.26636705124765225
SG_016660,0.12494969144083715
SG_016662,0.752438288167427
SG_016670,0.8841964046149718
SG_016671,0.20515159645827746
SG_016673,0.190360880064395
SG_016675,0.4082371880869332
SG_016685,0.3624765226723907
SG_016689,0.8181211430104641
SG_016690,0.6605245505768715
SG_016691,0.22111953313657096
SG_016692,0.3302387979608264
SG_016696,0.7948785886772203
SG_016698,0.6340521867453718
SG_016699,0.5742554333243897
SG_016703,0.32220955191843303
SG_016704,0.8077374563992488
SG_016705,0.8438086933190235
SG_016708,0.7507479205795546
SG_016710,0.15688556479742422
SG_016711,0.8196907700563457
SG_016714,0.5255064394955729
SG_016716,0.10889119935605045
SG_016719,0.7638784545210625
SG_016720,0.45834451301314727
SG_016721,0.09814529111886236
SG_016723,0.2375100617118326
SG_016732,0.753736248993829
SG_016733,0.6543667829353368
SG_016736,0.06696404614971828
SG_016737,0.09225918969680709
SG_016738,0.6105077810571506
SG_016741,0.8204755835792863
SG_016745,0.7305842500670782
SG_016746,0.2101925140863966
SG_016752,0.4954420445398444
SG_016754,0.3442748859672659
SG_016758,0.3715018781862087
SG_016763,0.6089683391467668
SG_016765,0.5968942849476792
SG_016769,0.1406761470351489
SG_016776,0.8061678293533674
SG_016778,0.8930406493158037
SG_016779,0.4847866917091495
SG_016780,0.7898980413200966
SG_016783,0.6216762811913068
SG_016785,0.2939562650925678
SG_016786,0.6109303729541187
SG_016792,0.7144352025757982
SG_016793,0.13898577944727664
SG_016794,0.9327341024953046
SG_016805,0.5472699221894286
SG_016807,0.690377649584116
SG_016810,0.19093439763885162
SG_016813,0.5403877112959484
SG_016818,0.7742923262677758
SG_016819,0.2276697075395761
SG_016823,0.8615575529916824
SG_016827,0.34856117520794205
SG_016828,0.6201368392809231
SG_016832,0.7570264287630804
SG_016834,0.8844077005634561
SG_016837,0.6799637778374029
SG_016840,0.08247920579554602
SG_016843,0.850751274483499
SG_016847,0.24581097397370544
SG_016849,0.42339012610678833
SG_016851,0.27521129594848404
SG_016857,0.2874664609605581
SG_016858,0.9276629997316878
SG_016859,0.9154380198551114
SG_016861,0.7253018513549773
SG_016863,0.6353199624362759
SG_016874,0.8303461228870405
SG_016877,0.3333780520525892
SG_016881,0.8204755835792863
SG_016885,0.42828011805741883
SG_016887,0.887637510061712
SG_016888,0.4687583847598605
SG_016891,0.549805473571237
SG_016893,0.23355580896163136
SG_016895,0.6313355245505771
SG_016900,0.3099242017708613
SG_016902,0.4448819425811645
SG_016904,0.27180037563724174
SG_016909,0.5005735175744567
SG_016911,0.8566675610410519
SG_016924,0.05531258384759861
SG_016925,0.44844378856989536
SG_016928,0.8111181915749933
SG_016937,0.5562650925677489
SG_016939,0.8033907968875772
SG_016941,0.7798463911993562
SG_016944,0.8537094177622753
SG_016946,0.44071639388247924
SG_016951,0.7439260799570702
SG_016961,0.9429970485645293
SG_016963,0.7559699490206602
SG_016967,0.5111383149986585
SG_016968,0.8678964314462034
SG_016971,0.5730178427689832
SG_016973,0.3305104641803059
SG_016974,0.13949892675073788
SG_016975,0.7115676147035149
SG_016976,0.5768513549771935
SG_016986,0.3590957874966461
SG_016989,0.8943084250067078
SG_016990,0.8077374563992488
SG_017003,0.42423530990072444
SG_017005,0.4599141400590287
SG_017006,0.10563120472229676
SG_017016,0.3437919237993024
SG_017018,0.7294372149181648
SG_017021,0.6641165817011002
SG_017026,0.5690635900187819
SG_017028,0.49785685537966196
SG_017040,0.4756405956533405
SG_017043,0.19669975851891602
SG_017044,0.6833143278776497
SG_017046,0.39012610678830156
SG_017048,0.2699590823718809
SG_017049,0.4015662731419372
SG_017050,0.15537630802253827
SG_017055,0.6293433056077274
SG_017056,0.2167728736248994
SG_017062,0.37669372149181646
SG_017067,0.5572310169036759
SG_017070,0.1406459618996512
SG_017071,0.8465857257848136
SG_017076,0.573259323852965
SG_017077,0.6541253018513551
SG_017079,0.0712201502548967
SG_017080,0.2522404078347196
SG_017085,0.4769385564797425
SG_017098,0.4507076737322243
SG_017103,0.2634390931043735
SG_017110,0.6339012610678831
SG_017111,0.8787932653608801
SG_017114,0.07816273141937215
SG_017116,0.7003689294338611
SG_017123,0.10578213039978536
SG_017124,0.6571136302656293
SG_017126,0.32112288704051517
SG_017127,0.2517272605312584
SG_017130,0.5721424738395493
SG_017139,0.732425543332439
SG_017144,0.5920646632680441
SG_017145,0.4191642071371076
SG_017146,0.76523678561846
SG_017154,0.39806479742420176
SG_017158,0.6847330292460425
SG_017170,0.3500100617118326
SG_017171,0.5958679903407567
SG_017172,0.1131774885967266
SG_017182,0.07607995707002951
SG_017187,0.12869264824255433
SG_017190,0.8638818084250068
SG_017192,0.452035819694124
SG_017193,0.4060638583310974
SG_017195,0.8569995975315268
SG_017202,0.6636336195331367
SG_017206,0.23325395760665418
SG_017208,0.3738865038905286
SG_017213,0.5348940166353636
SG_017218,0.1194258116447545
SG_017220,0.4515830426616582
SG_017223,0.22570767373222433
SG_017224,0.471173195599678
SG_017225,0.6084551918433057
SG_017227,0.5968339146766838
SG_017228,0.8318251945264288
SG_017230,0.298121813791253
SG_017232,0.4204621679635095
SG_017235,0.48985779447276634
SG_017239,0.8218339146766838
SG_017241,0.5999731687684465
SG_017245,0.1574892675073786
SG_017250,0.7351422055272337
SG_017254,0.3520928360611752
SG_017255,0.6142507378588677
SG_017266,0.30548698685269654
SG_017269,0.2631976120203917
SG_017272,0.5753119130668098
SG_017276,0.4731654145425276
SG_017279,0.1369331902334317
SG_017281,0.08374698148645024
SG_017287,0.6687349074322513
SG_017288,0.7385833109739737
SG_017292,0.7039005902870943
SG_017294,0.7454051515964585
SG_017296,0.09962436275825061
SG_017303,0.574225248188892
SG_017304,0.6640863965656024
SG_017309,0.8603501475717735
SG_017311,0.5797491279849746
SG_017316,0.059779983901261075
SG_017317,0.6607660316608533
SG_017318,0.8905956533404885
SG_017323,0.27551314730346127
SG_017328,0.8039039441910384
SG_017338,0.39263147303461227
SG_017339,0.5062483230480279
SG_017347,0.5375201234236651
SG_017348,0.6181748054735713
SG_017349,0.20340085859940976
SG_017350,0.17016702441642073
SG_017354,0.20807955460155625
SG_017358,0.8380131473034612
SG_017360,0.08570901529380198
SG_017361,0.7574188355245507
SG_017364,0.8701301314730346
SG_017368,0.6599208478669172
SG_017373,0.7075228065468206
SG_017376,0.7649651193989805
SG_017383,0.7819593506841965
SG_017385,0.5943889187013685
SG_017391,0.8116011537429568
SG_017399,0.7210155621143012
SG_017402,0.05522202844110545
SG_017405,0.10327676415347464
SG_017406,0.278018513549772
SG_017416,0.4835792862892407
SG_017419,0.8123255969949021
SG_017421,0.2896397907163939
SG_017423,0.694784679366783
SG_017425,0.8399148108398177
SG_017428,0.4084484840354172
SG_017431,0.6451301314730347
SG_017432,0.9354205795546017
SG_017438,0.89150120740542
SG_017439,0.0726086664877918
SG_017445,0.25607392004293
SG_017448,0.23479339951703787
SG_017452,0.7923128521599141
SG_017454,0.4617252481888919
SG_017457,0.46537764958411587
SG_017458,0.6553930775422592
SG_017464,0.8435370270995439
SG_017465,0.12171988194258117
SG_017466,0.8885430641266435
SG_017467,0.7745639924872553
SG_017475,0.344908773812718
SG_017479,0.4670076469009928
SG_017480,0.061198685269653885
SG_017481,0.538727528843574
SG_017482,0.1645224040783472
SG_017484,0.35782801180574186
SG_017486,0.44928897236383153
SG_017501,0.4028944191038369
SG_017504,0.25912261872819964
SG_017507,0.24037764958411595
SG_017509,0.11323785886772203
SG_017513,0.31405956533404883
SG_017514,0.6676784276898311
SG_017516,0.18755366246310706
SG_017518,0.5722632143815402
SG_017521,0.7854910115374296
SG_017526,0.24318486718540383
SG_017529,0.44041454252750206
SG_017532,0.49966796350952514
SG_017535,0.29407700563455863
SG_017537,0.5047692514086397
SG_017538,0.5199825596994903
SG_017542,0.1467131741346928
SG_017545,0.877314193721492
SG_017549,0.9030319291655489
SG_017557,0.30340421250335387
SG_017559,0.7688891870136839
SG_017560,0.19745438690635903
SG_017562,0.7004292997048566
SG_017563,0.8792158572578481
SG_017565,0.20195197209551918
SG_017572,0.30026495841159107
SG_017575,0.9381674268848941
SG_017577,0.45285081835256236
SG_017578,0.3681815132814596
SG_017579,0.7123524282264557
SG_017580,0.1565535283069493
SG_017581,0.8859471424738397
SG_017589,0.7843439763885164
SG_017590,0.17532868258653073
SG_017594,0.7681043734907433
SG_017597,0.46118191574993295
SG_017604,0.2588811376442179
SG_017605,0.8052924604239334
SG_017606,0.9043902602629461
SG_017607,0.5764891333512209
SG_017611,0.7882076737322243
SG_017615,0.11009860477595923
SG_017616,0.135393748323048
SG_017617,0.46263080225382347
SG_017621,0.3843003756372418
SG_017622,0.462570431982828
SG_017629,0.4479608264019319
SG_017630,0.07864569358733567
SG_017634,0.3985175744566676
SG_017639,0.2964918164743762
SG_017642,0.43745639924872554
SG_017646,0.8945197209551919
SG_017657,0.8585088543064127
SG_017658,0.5772739468741616
SG_017667,0.10363898577944727
SG_017673,0.6572041856721225
SG_017674,0.278018513549772
SG_017677,0.32498658438422323
SG_017679,0.1692312852159914
SG_017683,0.6121075932385298
SG_017687,0.24846726589750473
SG_017689,0.839975181110813
SG_017691,0.499577408103032
SG_017693,0.7545210625167695
SG_017696,0.4706902334317145
SG_017697,0.3307821303997853
SG_017702,0.33298564529111885
SG_017703,0.8757747518111082
SG_017709,0.062436275825060374
SG_017714,0.1595116715857258
SG_017715,0.6849141400590288
SG_017718,0.8357190770056346
SG_017719,0.36223504158840897
SG_017728,0.7218003756372418
SG_017729,0.47853836866112154
SG_017739,0.5431949288972364
SG_017743,0.12226321438154013
SG_017745,0.11326804400321974
SG_017746,0.28985108666487797
SG_017749,0.7945465521867454
SG_017750,0.5865407834719615
SG_017754,0.15785148913335123
SG_017757,0.8205057687147841
SG_017760,0.8891467668365979
SG_017774,0.8254863160719077
SG_017775,0.05413536356318755
SG_017776,0.13056412664341294
SG_017777,0.8022437617386639
SG_017778,0.47014690099275563
SG_017781,0.793308961631339
SG_017782,0.681895626509257
SG_017789,0.38665481620606384
SG_017795,0.6994633753689294
SG_017798,0.5942983632948753
SG_017811,0.32574121277166623
SG_017817,0.679511000804937
SG_017819,0.8180004024684735
SG_017822,0.8553997853501476
SG_017827,0.26123557821304
SG_017830,0.9253085591628657
SG_017832,0.5449758518916019
SG_017834,0.7242755567480549
SG_017838,0.7957841427421518
SG_017840,0.8695264287630803
SG_017847,0.6136772202844112
SG_017851,0.7393681244969146
SG_017855,0.8505701636705125
SG_017862,0.05443721491816475
SG_017865,0.4601858062785082
SG_017866,0.22229675342098204
SG_017867,0.6025690904212503
SG_017878,0.8290783471961364
SG_017879,0.34557284679366784
SG_017880,0.4438254628387443
SG_017881,0.13059431177891065
SG_017882,0.8608632948752348
SG_017886,0.3921183257311511
SG_017888,0.38212704588140595
SG_017889,0.3367889723638315
SG_017895,0.6644788033270728
SG_017900,0.6673162060638583
SG_017902,0.561426750737859
SG_017907,0.8892976925140864
SG_017909,0.8045680171719883
SG_017910,0.2695364904749128
SG_017913,0.6257210893480012
SG_017914,0.7041722565065737
SG_017917,0.5462738127180038
SG_017918,0.7471257043198284
SG_017919,0.17698886503890532
SG_017920,0.6945130131473035
SG_017936,0.28016165817011
SG_017938,0.6489334585457474
SG_017945,0.8662060638583312
SG_017947,0.29691440837134425
SG_017949,0.5397538234504965
SG_017956,0.8210792862892408
SG_017958,0.7757110276361685
SG_017960,0.4231486450228066
SG_017965,0.10756305339415079
SG_017971,0.9228937483230482
SG_017973,0.5838844915481621
SG_017978,0.5455493694660585
SG_017981,0.11417359806815133
SG_017985,0.7835893480010734
SG_017987,0.9409142742151866
SG_017991,0.6785752616045078
SG_017992,0.6968070834451302
SG_018002,0.4179266165817011
SG_018003,0.8791554869868529
SG_018005,0.7094546552186746
SG_018014,0.2855044271532064
SG_018015,0.241011537429568
SG_018016,0.6951469009927558
SG_018017,0.7228266702441642
SG_018024,0.06865441373759056
SG_018028,0.80136839280923
SG_018032,0.40555071102763623
SG_018033,0.49097464448618194
SG_018037,0.6109303729541187
SG_018040,0.44928897236383153
SG_018042,0.3612691172524819
SG_018046,0.15024483498792596
SG_018050,0.9218976388516235
SG_018055,0.8562751542795815
SG_018056,0.6825898846257044
SG_018061,0.31894955728467933
SG_018063,0.8906560236114839
SG_018064,0.632301448886504
SG_018067,0.4611517306144352
SG_018072,0.5306077273946875
SG_018073,0.6897135766031662
SG_018074,0.8031795009390932
SG_018076,0.8771028977730079
SG_018080,0.29051515964582775
SG_018084,0.4186812449691441
SG_018088,0.717151864770593
SG_018090,0.6897739468741616
SG_018092,0.7221927823987122
SG_018094,0.8215018781862088
SG_018096,0.313606788301583
SG_018100,0.6915246847330293
SG_018109,0.38958277434934263
SG_018111,0.08395827743493427
SG_018120,0.7277166621947948
SG_018124,0.9026998926750739
SG_018125,0.4866883552455058
SG_018130,0.8271163133887846
SG_018132,0.550982693855648
SG_018134,0.1493694660584921
SG_018140,0.4825529916823182
SG_018144,0.06448886503890529
SG_018146,0.6656258384759861
SG_018150,0.5515562114301047
SG_018154,0.7454957070029515
SG_018155,0.3440937751542796
SG_018160,0.08253957606654146
SG_018165,0.18685940434665954
SG_018166,0.42770660048296216
SG_018170,0.4858733565870674
SG_018174,0.5423195599678026
SG_018175,0.2887342366514623
SG_018178,0.8417561041051785
SG_018181,0.6703045344781327
SG_018186,0.7386134961094715
SG_018188,0.23941172524818888
SG_018195,0.2974879259458009
SG_018198,0.7895961899651194
SG_018201,0.056912396028977734
SG_018206,0.8541621947947411
SG_018208,0.2506707807888382
SG_018214,0.8705527233700028
SG_018215,0.8182720686879528
SG_018216,0.757267909847062
SG_018221,0.8167628119130669
SG_018224,0.3751542795814328
SG_018228,0.37850482962167964
SG_018229,0.3419204453984438
SG_018238,0.2315937751542796
SG_018241,0.42577475181110813
SG_018246,0.44614971827206873
SG_018247,0.18323718808693318
SG_018252,0.8335759323852966
SG_018253,0.24276227528843575
SG_018259,0.7497819962436277
SG_018261,0.08045680171719882
SG_018263,0.9166152401395226
SG_018266,0.2645257579822914
SG_018269,0.575825060370271
SG_018270,0.23600080493694664
SG_018276,0.2749396297290046
SG_018278,0.226281191306681
SG_018281,0.31928159377515425
SG_018282,0.40811644754494236
SG_018284,0.7550945800912263
SG_018286,0.23322377247115644
SG_018287,0.38665481620606384
SG_018294,0.11402267239066273
SG_018297,0.826542795814328
SG_018303,0.6183861014220553
SG_018305,0.7790313925409177
SG_018307,0.0985376978803327
SG_018312,0.5810470888113765
SG_018316,0.8006741346927826
SG_018321,0.14511336195331365
SG_018322,0.5506506573651732
SG_018325,0.145505768714784
SG_018327,0.08978400858599411
SG_018330,0.3302387979608264
SG_018334,0.9313757713979073
SG_018336,0.23594043466595116
SG_018338,0.7819291655486988
SG_018341,0.427616045076469
SG_018342,0.5734404346659512
SG_018347,0.29938958948215727
SG_018348,0.658653072176013
SG_018351,0.6873289508988464
SG_018360,0.8060169036758787
SG_018361,0.22160249530453452
SG_018364,0.8992889723638315
SG_018366,0.8886939898041321
SG_018368,0.8963610142205528
SG_018372,0.3849644486181916
SG_018379,0.4297591896968071
SG_018381,0.32643547088811375
SG_018386,0.18888180842500674
SG_018387,0.6619432519452644
SG_018388,0.6375234773276095
SG_018394,0.9348772471156427
SG_018407,0.7723906627314194
SG_018410,0.5840656023611485
SG_018411,0.4096257043198283
SG_018417,0.3085055004024685
SG_018418,0.4901898309632412
SG_018420,0.4203112422860209
SG_018422,0.7178763080225383
SG_018424,0.6198349879259459
SG_018426,0.2327106251676952
SG_018427,0.5345619801448886
SG_018430,0.28474979876576334
SG_018433,0.7637878991145693
SG_018434,0.584759860477596
SG_018436,0.6654749127984976
SG_018441,0.46435135497719343
SG_018442,0.5222162597263216
SG_018445,0.752226992218943
SG_018448,0.6608565870673464
SG_018452,0.05799906090689563
SG_018455,0.4928159377515428
SG_018458,0.5075462838744299
SG_018462,0.7305842500670782
SG_018468,0.5039844378856989
SG_018469,0.532056613898578
SG_018470,0.6762510061711833
SG_018471,0.5814093104373491
SG_018472,0.40986718540381006
SG_018474,0.07976254360075127
SG_018476,0.5856050442715321
SG_018481,0.7742319559967804
SG_018485,0.2912697880332707
SG_018487,0.6173598068151328
SG_018490,0.1259759860477596
SG_018491,0.3825798229138717
SG_018493,0.4381808425006708
SG_018494,0.4097162597263215
SG_018497,0.4176549503622216
SG_018501,0.3687248457204186
SG_018503,0.05162999731687685
SG_018505,0.09923195599678025
SG_018506,0.5263818084250067
SG_018510,0.8447444325194527
SG_018511,0.2666689026026295
SG_018514,0.3727998390126107
SG_018519,0.6457036490474914
SG_018520,0.06397571773544405
SG_018524,0.42870270995438686
SG_018525,0.06636034343976388
SG_018526,0.24261134961094716
SG_018529,0.5531258384759861
SG_018531,0.5187751542795814
SG_018534,0.5952039173598068
SG_018536,0.32610343439763884
SG_018537,0.5321471693050711
SG_018543,0.7870606385833111
SG_018544,0.6942715320633218
SG_018547,0.5017205527233701
SG_018548,0.362657633485377
SG_018549,0.5651395224040784
SG_018553,0.28363294875234774
SG_018555,0.7710021464985244
SG_018558,0.5801415347464449
SG_018566,0.19319828280118057
SG_018568,0.7917091494499597
SG_018569,0.07846458277434934
SG_018573,0.4057318218406225
SG_018576,0.524208478669171
SG_018579,0.054346659511671586
SG_018587,0.4700261604507647
SG_018591,0.2791655486986853
SG_018594,0.546364368124497
SG_018601,0.7617353099007246
SG_018603,0.6821672927287363
SG_018608,0.39887979608264024
SG_018611,0.5997618728199625
SG_018612,0.5999731687684465
SG_018615,0.22284008585994097
SG_018617,0.11607526160450765
SG_018621,0.8143781862087471
SG_018623,0.5975281727931313
SG_018624,0.6125
SG_018631,0.3392641534746445
SG_018636,0.3570733834182989
SG_018637,0.25027837402736786
SG_018639,0.7752582506037028
SG_018644,0.5403877112959484
SG_018645,0.9044506305339416
SG_018647,0.7551851354977194
SG_018650,0.5690334048832841
SG_018651,0.0840186477059297
SG_018662,0.8375301851354978
SG_018663,0.24762208210356856
SG_018664,0.6733532331634022
SG_018665,0.5272873624899383
SG_018670,0.8998323048027905
SG_018676,0.5168433056077274
SG_018677,0.11547155889455328
SG_018678,0.7090018781862089
SG_018680,0.27089482157231015
SG_018685,0.55228065468205
SG_018686,0.7766769519720956
SG_018687,0.6499899382881675
SG_018688,0.45701636705124765
SG_018689,0.1108532331634022
SG_018693,0.16551851354977196
SG_018694,0.3484404346659512
SG_018697,0.1532935336731956
SG_018703,0.41357995707002954
SG_018705,0.72844110544674
SG_018709,0.06186275825060371
SG_018710,0.9231654145425275
SG_018711,0.7396096055808962
SG_018717,0.19763549771934535
SG_018721,0.545821035685538
SG_018722,0.31768178159377514
SG_018731,0.620800912261873
SG_018733,0.6579588140595654
SG_018738,0.7373457204185673
SG_018744,0.6272303461228871
SG_018745,0.338569895358197
SG_018748,0.312218272068688
SG_018756,0.8059867185403812
SG_018758,0.41134625704319827
SG_018761,0.22561711832573117
SG_018765,0.6215857257848135
SG_018766,0.9108498792594582
SG_018767,0.2523007781057151
SG_018768,0.3710792862892407
SG_018770,0.18531996243627585
SG_018779,0.27678092299436546
SG_018787,0.5141870136839282
SG_018788,0.4906124228602093
SG_018789,0.647997719345318
SG_018791,0.7281090689562651
SG_018792,0.4612724711564261
SG_018793,0.22564730346122885
SG_018798,0.9142004292997049
SG_018799,0.4578917359806815
SG_018800,0.6233062785081837
SG_018803,0.12615709686074594
SG_018806,0.9382277971558894
SG_018809,0.405037563724175
SG_018811,0.4624195063053394
SG_018817,0.2538704051515965
SG_018818,0.19446605849208481
SG_018821,0.1849275556748055
SG_018822,0.22869600214649854
SG_018823,0.13614837671049101
SG_018826,0.6772773007781058
SG_018831,0.30630198551113497
SG_018834,0.3988496109471425
SG_018837,0.6949054199087739
SG_018838,0.8534981218137914
SG_018842,0.6994633753689294
SG_018843,0.780178427689831
SG_018847,0.7671384491548163
SG_018850,0.34831969412396024
SG_018852,0.7925845183793937
SG_018853,0.28224443251945264
SG_018859,0.8785819694123962
SG_018861,0.47464448618191574
SG_018875,0.8759860477595923
SG_018883,0.3568922726053126
SG_018885,0.22241749396297295
SG_018889,0.321575664072981
SG_018890,0.9289911456935874
SG_018894,0.6381573651730615
SG_018895,0.9268480010732494
SG_018899,0.2487691172524819
SG_018901,0.8558827475181112
SG_018902,0.3216662194794741
SG_018904,0.7695230748591361
SG_018905,0.6002146498524282
SG_018906,0.821381137644218
SG_018907,0.5632378588677222
SG_018908,0.4223034612288704
SG_018915,0.3484706198014489
SG_018918,0.18076200697612022
SG_018920,0.8088241212771667
SG_018924,0.6278642339683393
SG_018928,0.6211631338878456
SG_018940,0.2828179500939093
SG_018941,0.41560236114837673
SG_018942,0.5049201770861282
SG_018965,0.5472397370539308
SG_018966,0.46395894821572314
SG_018968,0.15184464716930507
SG_018970,0.7521666219479474
SG_018972,0.22407767641534748
SG_018978,0.5877180037563725
SG_018981,0.17707942044539848
SG_018984,0.32296418030587604
SG_018990,0.5000603702709955
SG_019006,0.6952676415347464
SG_019012,0.5448249262141133
SG_019014,0.20406493158035954
SG_019015,0.9093406224845721
SG_019016,0.8000100617118326
SG_019018,0.7903810034880603
SG_019019,0.36033337805205257
SG_019023,0.8049302387979609
SG_019028,0.8637308827475182
SG_019030,0.45740877381271805
SG_019036,0.5060068419640462
SG_019038,0.39311443520257583
SG_019039,0.9426046418030589
SG_019041,0.6247551650120741
SG_019042,0.23243895894821576
SG_019044,0.7646028977730078
SG_019051,0.2790448081566944
SG_019053,0.532811242286021
SG_019054,0.39024684733029247
SG_019058,0.8566373759055542
SG_019069,0.19579420445398443
SG_019071,0.17031795009390932
SG_019082,0.6428360611752081
SG_019083,0.4060638583310974
SG_019084,0.3102864233968339
SG_019087,0.3002045881405957
SG_019092,0.09310437349074324
SG_019098,0.5880802253823452
SG_019102,0.9422424201770863
SG_019105,0.7271733297558359
SG_019106,0.42646900992755565
SG_019109,0.28248591360343445
SG_019115,0.4200395760665415
SG_019117,0.5104138717467133
SG_019119,0.32368862355782135
SG_019120,0.635108666487792
SG_019131,0.28499127984974515
SG_019142,0.7376475717735445
SG_019146,0.5264119935605045
SG_019147,0.6843406224845722
SG_019149,0.11347933995170378
SG_019150,0.08752012342366515
SG_019162,0.6388214381540114
SG_019167,0.5451569627045882
SG_019169,0.17795478937483228
SG_019171,0.09464381540112692
SG_019176,0.9161020928360614
SG_019184,0.3593372685806278
SG_019187,0.5274081030319292
SG_019190,0.2599074322511403
SG_019197,0.4063053394150792
SG_019198,0.22057620069761202
SG_019201,0.1247383954923531
SG_019203,0.8587201502548967
SG_019204,0.5706030319291657
SG_019208,0.646820499060907
SG_019209,0.42598604775959215
SG_019211,0.08444123960289777
SG_019212,0.8519888650389054
SG_019217,0.4790213308290851
SG_019221,0.25218003756372415
SG_019222,0.8052019050174404
SG_019223,0.09699825596994902
SG_019225,0.7315199892675075
SG_019237,0.8270559431177893
SG_019244,0.8061376442178697
SG_019245,0.6532499329219212
SG_019246,0.13551448886503892
SG_019247,0.47600281727931315
SG_019248,0.2742151864770593
SG_019249,0.6185672122350416
SG_019251,0.46278172793131206
SG_019253,0.30832438958948216
SG_019254,0.23835524550576875
SG_019255,0.37750872015025494
SG_019259,0.09410048296216797
SG_019265,0.5749496914408372
SG_019266,0.262201502548967
SG_019267,0.8460122082103569
SG_019270,0.2891266434129327
SG_019271,0.2045177086128253
SG_019272,0.6555741883552456
SG_019273,0.3514891333512208
SG_019274,0.07312181379125302
SG_019275,0.3967668365977998
SG_019276,0.1396800375637242
SG_019282,0.5353467936678294
SG_019286,0.7922826670244165
SG_019289,0.501931848671854
SG_019295,0.9379259458009123
SG_019296,0.8438690635900189
SG_019298,0.21052455057687147
SG_019300,0.5089649852428227
SG_019302,0.7770995438690638
SG_019311,0.6450697612020393
SG_019314,0.41059162865575527
SG_019315,0.3130332707271264
SG_019316,0.5666185940434667
SG_019321,0.12694191038368663
SG_019325,0.79448618191575
SG_019326,0.8930406493158037
SG_019328,0.16708814059565333
SG_019330,0.2404682049906091
SG_019333,0.5370371612557017
SG_019336,0.4266803058760397
SG_019339,0.3865642607995707
SG_019346,0.5664676683659781
SG_019352,0.6845519184330561
SG_019358,0.8359303729541187
SG_019362,0.9300476254360076
SG_019368,0.18438422323584652
SG_019371,0.5252951435470888
SG_019373,0.8361718540381003
SG_019374,0.64757512744835
SG_019375,0.33935470888113767
SG_019376,0.9378353903944193
SG_019386,0.3139388247920579
SG_019388,0.5911591092031125
SG_019394,0.7844647169305071
SG_019398,0.48907298094982554
SG_019408,0.6653541722565066
SG_019411,0.28411591092031124
SG_019419,0.8833814059565336
SG_019421,0.8418466595116717
SG_019425,0.3710189160182452
SG_019427,0.3302086128253287
SG_019428,0.5878085591628657
SG_019431,0.2589415079152133
SG_019432,0.414817547625436
SG_019433,0.40271330829085056
SG_019436,0.6829219211161794
SG_019437,0.8902032465790181
SG_019440,0.25661725248188894
SG_019442,0.6674067614703516
SG_019446,0.4260162328950899
SG_019447,0.4391165817011001
SG_019449,0.29691440837134425
SG_019452,0.15634223235846526
SG_019455,0.5481754762543601
SG_019456,0.47219949020660046
SG_019458,0.6530084518379394
SG_019466,0.26808760397102227
SG_019468,0.8599577408103033
SG_019470,0.7215287094177624
SG_019471,0.6710289777300779
SG_019473,0.29024349342634825
SG_019478,0.40126442178696003
SG_019485,0.9452911188623558
SG_019488,0.4999396297290045
SG_019489,0.44056546820499065
SG_019491,0.5059464716930507
SG_019496,0.840639254091763
SG_019498,0.5662865575529917
SG_019510,0.8074959753152671
SG_019516,0.45387711295948485
SG_019519,0.16099074322511403
SG_019523,0.35511134961094715
SG_019527,0.38931110812986314
SG_019530,0.4292460423933459
SG_019532,0.7033270727126376
SG_019534,0.1401629997316877
SG_019540,0.7007613361953315
SG_019541,0.36700429299704856
SG_019543,0.4101992218942849
SG_019553,0.21948953581969416
SG_019558,0.3716226187281996
SG_019562,0.48901261067883023
SG_019563,0.4481419372149182
SG_019564,0.6330560772739469
SG_019567,0.5006037027099544
SG_019570,0.9368996511939898
SG_019577,0.42692178696002153
SG_019583,0.9243124496914409
SG_019585,0.7773108398175478
SG_019587,0.7807519452642877
SG_019588,0.11897303461228871
SG_019591,0.1314394955728468
SG_019593,0.15975315266970758
SG_019598,0.24131338878454522
SG_019599,0.37648242554333244
SG_019602,0.9285081835256239
SG_019609,0.5047088811376442
SG_019620,0.2964616313388785
SG_019621,0.18347866917091493
SG_019624,0.9081030319291656
SG_019625,0.6968674537161257
SG_019627,0.05923665146230212
SG_019635,0.07982291387174673
SG_019638,0.10557083445130132
SG_019639,0.13053394150791522
SG_019642,0.8859471424738397
SG_019645,0.2619298363294875
SG_019647,0.8273577944727665
SG_019648,0.14420780788838208
SG_019650,0.12262543600751274
SG_019652,0.19102495304534478
SG_019654,0.6162127716662196
SG_019657,0.8360812986316072
SG_019660,0.19063254628387444
SG_019661,0.23660450764690105
SG_019662,0.6412966192648244
SG_019665,0.5049201770861282
SG_019666,0.6378555138180843
SG_019667,0.3834551918433056
SG_019676,0.8470083176817816
SG_019679,0.9394050174403006
SG_019680,0.8705829085055005
SG_019683,0.6080024148108398
SG_019689,0.42345049637778376
SG_019690,0.4149382881674269
SG_019691,0.526019586799034
SG_019695,0.298121813791253
SG_019698,0.18178830158304266
SG_019710,0.24831634022001614
SG_019711,0.8059867185403812
SG_019716,0.16150389052857528
SG_019724,0.46715857257848137
SG_019727,0.7884189696807085
SG_019728,0.5022035148913335
SG_019729,0.3370002683123155
SG_019733,0.9349979876576335
SG_019738,0.7240340756640731
SG_019740,0.17656627314193724
SG_019746,0.6325731151059835
SG_019747,0.9215052320901529
SG_019750,0.2955862624094446
SG_019755,0.7466729272873626
SG_019756,0.6451603166085323
SG_019761,0.19974845720418566
SG_019764,0.38587000268312316
SG_019766,0.4491078615508452
SG_019767,0.33645693587335657
SG_019769,0.800281727931312
SG_019779,0.09862825328682587
SG_019782,0.18673866380466864
SG_019783,0.6911624631070568
SG_019784,0.20071438154011273
SG_019791,0.2457807888382077
SG_019792,0.5015394419103838
SG_019793,0.8401261067883017
SG_019797,0.061289240676147036
SG_019800,0.8492722028441106
SG_019801,0.6562382613361954
SG_019802,0.48892205527233695
SG_019804,0.27430574188355245
SG_019807,0.8463744298363297
SG_019809,0.7144352025757982
SG_019811,0.7561208746981488
SG_019812,0.30065736517306146
SG_019819,0.13937818620874698
SG_019828,0.5092668365977999
SG_019830,0.476123557821304
SG_019832,0.4471760128789911
SG_019835,0.3350684196404615
SG_019838,0.2465354172256507
SG_019839,0.22721693050711028
SG_019842,0.8399148108398177
SG_019846,0.6659880601019588
SG_019849,0.056821840622484576
SG_019851,0.9036960021464986
SG_019852,0.35302857526160447
SG_019853,0.4648645022806547
SG_019854,0.828474644486182
SG_019857,0.8940971290582238
SG_019858,0.8633988462570432
SG_019859,0.6538536356318756
SG_019864,0.7543399517037833
SG_019865,0.4470250872015025
SG_019868,0.3781727931312048
SG_019869,0.850087201502549
SG_019873,0.4929366782935337
SG_019878,0.33093305607727397
SG_019883,0.7734773276093374
SG_019887,0.2849610947142474
SG_019888,0.2230211966729273
SG_019895,0.24825596994902066
SG_019900,0.05824054199087739
SG_019903,0.20146900992755568
SG_019906,0.6930339415079153
SG_019909,0.5844580091226188
SG_019910,0.3380869331902335
SG_019913,0.7998893211698418
SG_019914,0.3349476790984706
SG_019921,0.3890998121813792
SG_019923,0.707371880869332
SG_019928,0.9388013147303462
SG_019930,0.7777334317145158
SG_019933,0.4531828548430373
SG_019939,0.2693251945264288
SG_019941,0.9037563724174941
SG_019944,0.2932620069761202
SG_019945,0.5814998658438423
SG_019947,0.12905486986852696
SG_019949,0.7994063590018782
SG_019950,0.5970452106251677
SG_019954,0.37243761738663805
SG_019955,0.8141367051247653
SG_019960,0.27161926482425547
SG_019961,0.6638751006171184
SG_019966,0.8342701905017441
SG_019968,0.767379930238798
SG_019970,0.4498624899382882
SG_019973,0.27632814596189964
SG_019974,0.4399013952240408
SG_019976,0.6008787228333781
SG_019978,0.42828011805741883
SG_019980,0.223806010195868
SG_019981,0.15392742151864772
SG_019983,0.6795713710759324
SG_019984,0.8539207137107595
SG_019985,0.5210088543064127
SG_019989,0.389975181110813
SG_019994,0.49966796350952514
SG_019998,0.19470753957606657
SG_019999,0.7250301851354979
SG_020000,0.35170042929970485
